timestamp,project_name,run_id,duration,emissions,emissions_rate,cpu_power,gpu_power,ram_power,cpu_energy,gpu_energy,ram_energy,energy_consumed,country_name,country_iso_code,region,cloud_provider,cloud_region,os,python_version,codecarbon_version,cpu_count,cpu_model,gpu_count,gpu_model,longitude,latitude,ram_total_size,tracking_mode,on_cloud,pue
2024-03-24T19:08:43,codecarbon,b2fd4dcf-83e9-4176-b74e-d7c7cdfa8254,2.0165817737579346,1.779297724836557e-05,8.82333534890978e-06,42.5,19.77314934160361,23.945546150207523,2.3795091609160103e-05,1.1059731070017786e-05,1.3347074283212617e-05,4.8201896962390506e-05,United States,USA,virginia,,,Windows-10-10.0.22621-SP0,3.10.8,2.3.4,16,11th Gen Intel(R) Core(TM) i7-11800H @ 2.30GHz,1,1 x NVIDIA GeForce RTX 3080 Laptop GPU,-77.0757,38.8924,63.85478973388672,machine,N,1.0
2024-03-24T19:16:26,codecarbon,b73f33ac-f1ee-4899-b0b0-5e33439f080b,0.4114441871643066,3.895984453033482e-06,9.46904725981134e-06,42.5,26.90343494873996,23.945546150207523,4.845561914973789e-06,3.045002436030675e-06,2.6638155344329563e-06,1.055437988543742e-05,United States,USA,virginia,,,Windows-10-10.0.22621-SP0,3.10.8,2.3.4,16,11th Gen Intel(R) Core(TM) i7-11800H @ 2.30GHz,1,1 x NVIDIA GeForce RTX 3080 Laptop GPU,-77.0757,38.8924,63.85478973388672,machine,N,1.0
2024-03-24T19:16:41,codecarbon,718587a9-4c0f-47d3-98dc-a231def34a37,12.431770324707031,0.0001068964013338,8.598646736693082e-06,42.5,17.45334138788051,23.945546150207523,0.0001467522799968,6.0237548190011925e-05,8.259685822437272e-05,0.0002895866864112,United States,USA,virginia,,,Windows-10-10.0.22621-SP0,3.10.8,2.3.4,16,11th Gen Intel(R) Core(TM) i7-11800H @ 2.30GHz,1,1 x NVIDIA GeForce RTX 3080 Laptop GPU,-77.0757,38.8924,63.85478973388672,machine,N,1.0
2024-03-24T19:16:43,codecarbon,f52bdfdd-5489-4c61-ab43-5e72b2a8d51b,0.9714040756225586,9.553660971034978e-06,9.83489899907222e-06,42.5,30.19853715624993,23.945546150207523,1.1444338493876989e-05,8.08167313198771e-06,6.355243394665423e-06,2.5881255020530123e-05,United States,USA,virginia,,,Windows-10-10.0.22621-SP0,3.10.8,2.3.4,16,11th Gen Intel(R) Core(TM) i7-11800H @ 2.30GHz,1,1 x NVIDIA GeForce RTX 3080 Laptop GPU,-77.0757,38.8924,63.85478973388672,machine,N,1.0
2024-03-24T19:16:46,codecarbon,a5a83c05-c8a8-40a6-8f71-3687768d49a8,0.2591259479522705,2.7807906726391314e-06,1.0731424987015722e-05,42.5,39.7557832127805,23.945546150207523,3.047352035840353e-06,2.828613373972999e-06,1.6573092977030987e-06,7.533274707516451e-06,United States,USA,virginia,,,Windows-10-10.0.22621-SP0,3.10.8,2.3.4,16,11th Gen Intel(R) Core(TM) i7-11800H @ 2.30GHz,1,1 x NVIDIA GeForce RTX 3080 Laptop GPU,-77.0757,38.8924,63.85478973388672,machine,N,1.0
2024-03-24T19:16:55,codecarbon,e3fbcb26-2dd3-4e5f-bde8-7f7a0d21fbac,7.209121227264404,6.178768457662233e-05,8.570765094495225e-06,42.5,17.18731366906485,23.945546150207523,8.509596089522045e-05,3.440391641190699e-05,4.788546601874089e-05,0.0001673853433258,United States,USA,virginia,,,Windows-10-10.0.22621-SP0,3.10.8,2.3.4,16,11th Gen Intel(R) Core(TM) i7-11800H @ 2.30GHz,1,1 x NVIDIA GeForce RTX 3080 Laptop GPU,-77.0757,38.8924,63.85478973388672,machine,N,1.0
2024-03-24T19:16:59,codecarbon,9398c53e-fe98-4ffe-82ac-600f02fc4125,2.1745193004608154,1.922999533177307e-05,8.843331640099919e-06,42.5,19.98727530734029,23.945546150207523,2.5659640298949352e-05,1.20508429740096e-05,1.4384353955842736e-05,5.209483722880169e-05,United States,USA,virginia,,,Windows-10-10.0.22621-SP0,3.10.8,2.3.4,16,11th Gen Intel(R) Core(TM) i7-11800H @ 2.30GHz,1,1 x NVIDIA GeForce RTX 3080 Laptop GPU,-77.0757,38.8924,63.85478973388672,machine,N,1.0
2024-03-24T19:22:37,codecarbon,a67f0783-7047-4323-a394-dca8b905827f,0.4256405830383301,3.984834258628e-06,9.361969740251849e-06,42.5,25.59798371455896,23.945546150207523,5.024923549758064e-06,3.005280181989089e-06,2.7648738803615443e-06,1.0795077612108698e-05,United States,USA,virginia,,,Windows-10-10.0.22621-SP0,3.10.8,2.3.4,16,11th Gen Intel(R) Core(TM) i7-11800H @ 2.30GHz,1,1 x NVIDIA GeForce RTX 3080 Laptop GPU,-77.0757,38.8924,63.85478973388672,machine,N,1.0
2024-03-24T19:22:51,codecarbon,13d44572-db4e-4c80-8603-8dd77ce72340,12.39931869506836,0.0001072692079113,8.651217905543679e-06,42.5,17.956210381611093,23.945546150207523,0.0001463690832257,6.18258827940199e-05,8.240166852906347e-05,0.0002905966345488,United States,USA,virginia,,,Windows-10-10.0.22621-SP0,3.10.8,2.3.4,16,11th Gen Intel(R) Core(TM) i7-11800H @ 2.30GHz,1,1 x NVIDIA GeForce RTX 3080 Laptop GPU,-77.0757,38.8924,63.85478973388672,machine,N,1.0
2024-03-24T19:22:53,codecarbon,f2cb20e2-aa2c-4f59-9d16-e51160ee857b,0.7445261478424072,7.288223870397221e-06,9.789077108329993e-06,42.5,29.517488182981467,23.945546150207523,8.777562777201335e-06,6.079727085994691e-06,4.886804176602292e-06,1.974409403979832e-05,United States,USA,virginia,,,Windows-10-10.0.22621-SP0,3.10.8,2.3.4,16,11th Gen Intel(R) Core(TM) i7-11800H @ 2.30GHz,1,1 x NVIDIA GeForce RTX 3080 Laptop GPU,-77.0757,38.8924,63.85478973388672,machine,N,1.0
2024-03-24T19:22:56,codecarbon,1419be3b-fe05-47ce-91b2-aef427ca02b5,0.2511582374572754,2.3788082044743216e-06,9.47135251687288e-06,42.5,27.36810632939031,23.945546150207523,2.9533000455962293e-06,1.8866681760765225e-06,1.6043196771325562e-06,6.444287898805308e-06,United States,USA,virginia,,,Windows-10-10.0.22621-SP0,3.10.8,2.3.4,16,11th Gen Intel(R) Core(TM) i7-11800H @ 2.30GHz,1,1 x NVIDIA GeForce RTX 3080 Laptop GPU,-77.0757,38.8924,63.85478973388672,machine,N,1.0
2024-03-24T19:23:04,codecarbon,69b0913c-aa8e-4b67-9a96-e612b10339cd,7.081748723983765,6.019361975278729e-05,8.499824280538154e-06,42.5,16.50169859850099,23.945546150207523,8.359226336081823e-05,3.244308151001407e-05,4.703161219975509e-05,0.0001630669570705,United States,USA,virginia,,,Windows-10-10.0.22621-SP0,3.10.8,2.3.4,16,11th Gen Intel(R) Core(TM) i7-11800H @ 2.30GHz,1,1 x NVIDIA GeForce RTX 3080 Laptop GPU,-77.0757,38.8924,63.85478973388672,machine,N,1.0
2024-03-24T19:23:09,codecarbon,1e1bc7b0-b14f-40a8-8066-f0d28da7110b,2.240867853164673,1.985560816153452e-05,8.86067785456129e-06,42.5,20.170065254918576,23.945546150207523,2.6431187490622208e-05,1.2532787803942735e-05,1.482567246187235e-05,5.378964775643729e-05,United States,USA,virginia,,,Windows-10-10.0.22621-SP0,3.10.8,2.3.4,16,11th Gen Intel(R) Core(TM) i7-11800H @ 2.30GHz,1,1 x NVIDIA GeForce RTX 3080 Laptop GPU,-77.0757,38.8924,63.85478973388672,machine,N,1.0
2024-03-24T19:26:55,codecarbon,c647a3b6-9ab0-460e-8416-2d35c7c8cbba,0.4355816841125488,4.71850240074676e-06,1.083264648824756e-05,42.5,41.1710373083257,23.945546150207523,5.130521290832096e-06,4.867503894057101e-06,2.784589178228695e-06,1.2782614363117892e-05,United States,USA,virginia,,,Windows-10-10.0.22621-SP0,3.10.8,2.3.4,16,11th Gen Intel(R) Core(TM) i7-11800H @ 2.30GHz,1,1 x NVIDIA GeForce RTX 3080 Laptop GPU,-77.0757,38.8924,63.85478973388672,machine,N,1.0
2024-03-24T19:27:09,codecarbon,4c4b80fc-1d62-40d8-8d7e-7a0f31bde6cc,12.570544958114624,0.0001073813917076,8.54230202950095e-06,42.5,16.889984426220547,23.945546150207523,0.000148390493128,5.896282494805005e-05,8.354722692657884e-05,0.0002909005450026,United States,USA,virginia,,,Windows-10-10.0.22621-SP0,3.10.8,2.3.4,16,11th Gen Intel(R) Core(TM) i7-11800H @ 2.30GHz,1,1 x NVIDIA GeForce RTX 3080 Laptop GPU,-77.0757,38.8924,63.85478973388672,machine,N,1.0
2024-03-24T19:27:12,codecarbon,8e0b9879-8240-45b3-9392-4cfae26e1185,0.7912712097167969,8.143915416164227e-06,1.0292192254889455e-05,42.5,34.70907884109078,23.945546150207523,9.329622487227122e-06,7.562228271973392e-06,5.1703463807655225e-06,2.206219713996604e-05,United States,USA,virginia,,,Windows-10-10.0.22621-SP0,3.10.8,2.3.4,16,11th Gen Intel(R) Core(TM) i7-11800H @ 2.30GHz,1,1 x NVIDIA GeForce RTX 3080 Laptop GPU,-77.0757,38.8924,63.85478973388672,machine,N,1.0
2024-03-24T19:27:14,codecarbon,347ba780-ffda-4a10-8773-51d3be06ba7d,0.2449145317077636,3.443861588187206e-06,1.406148326182818e-05,42.5,72.91128880013106,23.945546150207523,2.8836427463425533e-06,4.887503909978275e-06,1.5584140523448772e-06,9.329560708665704e-06,United States,USA,virginia,,,Windows-10-10.0.22621-SP0,3.10.8,2.3.4,16,11th Gen Intel(R) Core(TM) i7-11800H @ 2.30GHz,1,1 x NVIDIA GeForce RTX 3080 Laptop GPU,-77.0757,38.8924,63.85478973388672,machine,N,1.0
2024-03-24T19:27:23,codecarbon,b000fe12-7a6a-49aa-a52f-967945cf647c,7.126973390579224,6.159312819150334e-05,8.642255950179372e-06,42.5,17.88787683523613,23.945546150207523,8.412611501084434e-05,3.5393083869961206e-05,4.733908330751528e-05,0.0001668582821883,United States,USA,virginia,,,Windows-10-10.0.22621-SP0,3.10.8,2.3.4,16,11th Gen Intel(R) Core(TM) i7-11800H @ 2.30GHz,1,1 x NVIDIA GeForce RTX 3080 Laptop GPU,-77.0757,38.8924,63.85478973388672,machine,N,1.0
2024-03-24T19:27:27,codecarbon,8787ecdd-e148-44b7-b478-3f0de1359ff4,2.1675243377685547,1.898582479875577e-05,8.759221046764113e-06,42.5,19.16635581171702,23.945546150207523,2.558882898754544e-05,1.1513342544011708e-05,1.43311978209321e-05,5.143336935248925e-05,United States,USA,virginia,,,Windows-10-10.0.22621-SP0,3.10.8,2.3.4,16,11th Gen Intel(R) Core(TM) i7-11800H @ 2.30GHz,1,1 x NVIDIA GeForce RTX 3080 Laptop GPU,-77.0757,38.8924,63.85478973388672,machine,N,1.0
2024-03-24T19:28:28,codecarbon,ff34f8ae-389d-4b4f-9652-c3772a6fd509,0.4065179824829101,4.104617511942785e-06,1.0097013388861195e-05,42.5,33.01872482956712,23.945546150207523,4.787410961257088e-06,3.701114072052203e-06,2.6310502698549955e-06,1.1119575303164286e-05,United States,USA,virginia,,,Windows-10-10.0.22621-SP0,3.10.8,2.3.4,16,11th Gen Intel(R) Core(TM) i7-11800H @ 2.30GHz,1,1 x NVIDIA GeForce RTX 3080 Laptop GPU,-77.0757,38.8924,63.85478973388672,machine,N,1.0
2024-03-24T19:28:46,codecarbon,f20994ad-ea02-41f4-88d0-5dee5c7e80d5,0.4125263690948486,4.0132797169659e-06,9.728541052470664e-06,42.5,29.32562977676487,23.945546150207523,4.858357376522488e-06,3.336113780005867e-06,2.677666355827076e-06,1.0872137512355432e-05,United States,USA,virginia,,,Windows-10-10.0.22621-SP0,3.10.8,2.3.4,16,11th Gen Intel(R) Core(TM) i7-11800H @ 2.30GHz,1,1 x NVIDIA GeForce RTX 3080 Laptop GPU,-77.0757,38.8924,63.85478973388672,machine,N,1.0
2024-03-24T19:29:00,codecarbon,6e8f67ef-8eba-4463-9c52-6a79db49ad18,12.491172313690186,0.0001082051202233,8.662527223707398e-06,42.5,18.06628944900642,23.945546150207523,0.0001474535309606,6.266588346598434e-05,8.301264453158789e-05,0.0002931320589581,United States,USA,virginia,,,Windows-10-10.0.22621-SP0,3.10.8,2.3.4,16,11th Gen Intel(R) Core(TM) i7-11800H @ 2.30GHz,1,1 x NVIDIA GeForce RTX 3080 Laptop GPU,-77.0757,38.8924,63.85478973388672,machine,N,1.0
2024-03-24T19:29:03,codecarbon,195252c7-771f-401c-8ab2-fdaa82706b68,0.7418322563171387,6.751737672947944e-06,9.101434475857474e-06,42.5,22.88297836120457,23.945546150207523,8.745965361595155e-06,4.690003752028105e-06,4.854762060015599e-06,1.8290731173638856e-05,United States,USA,virginia,,,Windows-10-10.0.22621-SP0,3.10.8,2.3.4,16,11th Gen Intel(R) Core(TM) i7-11800H @ 2.30GHz,1,1 x NVIDIA GeForce RTX 3080 Laptop GPU,-77.0757,38.8924,63.85478973388672,machine,N,1.0
2024-03-24T19:29:05,codecarbon,ecdaa7a1-75a1-4570-9dff-5a8eff2274b6,0.2747058868408203,2.902277319927173e-06,1.0565035039124996e-05,42.5,37.98090895911223,23.945546150207523,3.231290313932631e-06,2.8672245160343834e-06,1.7638721319599426e-06,7.862386961926957e-06,United States,USA,virginia,,,Windows-10-10.0.22621-SP0,3.10.8,2.3.4,16,11th Gen Intel(R) Core(TM) i7-11800H @ 2.30GHz,1,1 x NVIDIA GeForce RTX 3080 Laptop GPU,-77.0757,38.8924,63.85478973388672,machine,N,1.0
2024-03-24T19:29:14,codecarbon,a8d1cedb-460a-4baa-b2e3-e9999cd33220,7.425556421279907,6.491331963616028e-05,8.74187952435913e-06,42.5,18.84972376186625,23.945546150207523,8.765106201171875e-05,3.88700310959833e-05,4.933172235500176e-05,0.0001758528154627,United States,USA,virginia,,,Windows-10-10.0.22621-SP0,3.10.8,2.3.4,16,11th Gen Intel(R) Core(TM) i7-11800H @ 2.30GHz,1,1 x NVIDIA GeForce RTX 3080 Laptop GPU,-77.0757,38.8924,63.85478973388672,machine,N,1.0
2024-03-24T19:29:18,codecarbon,5f733739-5cbf-4477-8849-0e4a4e1b965e,2.3479583263397217,2.057666271095355e-05,8.763640512747478e-06,42.5,19.268080667382726,23.945546150207523,2.7707372936937544e-05,1.2524176686012913e-05,1.5511464150326522e-05,5.574301377327698e-05,United States,USA,virginia,,,Windows-10-10.0.22621-SP0,3.10.8,2.3.4,16,11th Gen Intel(R) Core(TM) i7-11800H @ 2.30GHz,1,1 x NVIDIA GeForce RTX 3080 Laptop GPU,-77.0757,38.8924,63.85478973388672,machine,N,1.0
2024-03-24T19:31:11,codecarbon,5f733739-5cbf-4477-8849-0e4a4e1b965e,115.3551790714264,0.0009674340260905,8.386567762956576e-06,42.5,15.273958528346787,23.945546150207523,0.0013618086387713,0.0004919451157779,0.0007670642565459,0.0026208180110952,United States,USA,virginia,,,Windows-10-10.0.22621-SP0,3.10.8,2.3.4,16,11th Gen Intel(R) Core(TM) i7-11800H @ 2.30GHz,1,1 x NVIDIA GeForce RTX 3080 Laptop GPU,-77.0757,38.8924,63.85478973388672,machine,N,1.0
2024-03-24T19:31:23,codecarbon,5f733739-5cbf-4477-8849-0e4a4e1b965e,126.70837783813477,0.0010612127186303,8.375237192176684e-06,42.5,14.15008634169223,23.945546150207523,0.0014958276922504,0.0005365462625699,0.0008424943375726,0.002874868292393,United States,USA,virginia,,,Windows-10-10.0.22621-SP0,3.10.8,2.3.4,16,11th Gen Intel(R) Core(TM) i7-11800H @ 2.30GHz,1,1 x NVIDIA GeForce RTX 3080 Laptop GPU,-77.0757,38.8924,63.85478973388672,machine,N,1.0
2024-03-24T19:33:03,codecarbon,cd467cb0-a9e3-46cb-b7b5-960ab08f1eca,0.4655220508575439,4.2099024109241945e-06,9.043400636272934e-06,42.5,22.80096732016666,23.945546150207523,5.483981139130063e-06,2.910557884039377e-06,3.01025734117862e-06,1.140479636434806e-05,United States,USA,virginia,,,Windows-10-10.0.22621-SP0,3.10.8,2.3.4,16,11th Gen Intel(R) Core(TM) i7-11800H @ 2.30GHz,1,1 x NVIDIA GeForce RTX 3080 Laptop GPU,-77.0757,38.8924,63.85478973388672,machine,N,1.0
2024-03-24T19:33:17,codecarbon,d834c87b-0557-45e0-9aff-d5808589e09e,12.24558448791504,0.0001066199406894,8.706806995994837e-06,42.5,18.49196825189248,23.945546150207523,0.0001445542217956,6.289116142405016e-05,8.139236009386745e-05,0.0002888377433135,United States,USA,virginia,,,Windows-10-10.0.22621-SP0,3.10.8,2.3.4,16,11th Gen Intel(R) Core(TM) i7-11800H @ 2.30GHz,1,1 x NVIDIA GeForce RTX 3080 Laptop GPU,-77.0757,38.8924,63.85478973388672,machine,N,1.0
2024-03-24T19:33:20,codecarbon,6a213eba-d455-4f33-a0ff-78b421e691a5,0.7745070457458496,7.728088139798787e-06,9.97807338518999e-06,42.5,32.10427931391055,23.945546150207523,9.131712218125662e-06,6.818061010049892e-06,4.985930956185788e-06,2.0935704184361343e-05,United States,USA,virginia,,,Windows-10-10.0.22621-SP0,3.10.8,2.3.4,16,11th Gen Intel(R) Core(TM) i7-11800H @ 2.30GHz,1,1 x NVIDIA GeForce RTX 3080 Laptop GPU,-77.0757,38.8924,63.85478973388672,machine,N,1.0
2024-03-24T19:33:22,codecarbon,62dca99c-e74d-4919-99e8-83d51a5eb29e,0.2451770305633545,3.2211679691160595e-06,1.3138131095374777e-05,42.5,63.50475448180731,23.945546150207523,2.882879972457886e-06,4.272225639978533e-06,1.5711690507960916e-06,8.72627466323251e-06,United States,USA,virginia,,,Windows-10-10.0.22621-SP0,3.10.8,2.3.4,16,11th Gen Intel(R) Core(TM) i7-11800H @ 2.30GHz,1,1 x NVIDIA GeForce RTX 3080 Laptop GPU,-77.0757,38.8924,63.85478973388672,machine,N,1.0
2024-03-24T19:33:31,codecarbon,b21a49f3-89a6-4674-aec2-639e6522493a,7.454655885696411,6.595177901489882e-05,8.847058808099178e-06,42.5,19.87617096492062,23.945546150207523,8.799389087491566e-05,4.114725513992834e-05,4.952489801972131e-05,0.0001786660440345,United States,USA,virginia,,,Windows-10-10.0.22621-SP0,3.10.8,2.3.4,16,11th Gen Intel(R) Core(TM) i7-11800H @ 2.30GHz,1,1 x NVIDIA GeForce RTX 3080 Laptop GPU,-77.0757,38.8924,63.85478973388672,machine,N,1.0
2024-03-24T19:33:35,codecarbon,05f9ea39-6458-4df4-8d69-198af539e5eb,2.2023308277130127,1.9983047316537354e-05,9.073590155067004e-06,42.5,22.184340247178763,23.945546150207523,2.5999738938278625e-05,1.3559177514055332e-05,1.4575969143317972e-05,5.413488559565193e-05,United States,USA,virginia,,,Windows-10-10.0.22621-SP0,3.10.8,2.3.4,16,11th Gen Intel(R) Core(TM) i7-11800H @ 2.30GHz,1,1 x NVIDIA GeForce RTX 3080 Laptop GPU,-77.0757,38.8924,63.85478973388672,machine,N,1.0
2024-03-24T19:36:29,codecarbon,90815aaf-613c-4e64-bc0d-8fa12db94a21,0.3921461105346679,3.7674579545582537e-06,9.607281197871752e-06,42.5,28.18155008544468,23.945546150207523,4.617728955215878e-06,3.0463913259781705e-06,2.542076107464672e-06,1.020619638865872e-05,United States,USA,virginia,,,Windows-10-10.0.22621-SP0,3.10.8,2.3.4,16,11th Gen Intel(R) Core(TM) i7-11800H @ 2.30GHz,1,1 x NVIDIA GeForce RTX 3080 Laptop GPU,-77.0757,38.8924,63.85478973388672,machine,N,1.0
2024-03-24T19:36:44,codecarbon,baf893f5-c1fc-441d-97b8-4e2575c2f940,12.92949390411377,0.0001112691590684,8.60584025126047e-06,42.5,17.5058404343887,23.945546150207523,0.0001526398585902,6.285810584205631e-05,8.593470001974406e-05,0.000301432664452,United States,USA,virginia,,,Windows-10-10.0.22621-SP0,3.10.8,2.3.4,16,11th Gen Intel(R) Core(TM) i7-11800H @ 2.30GHz,1,1 x NVIDIA GeForce RTX 3080 Laptop GPU,-77.0757,38.8924,63.85478973388672,machine,N,1.0
2024-03-24T19:36:47,codecarbon,01192b59-5b87-4ce5-b047-323dfc2da12d,0.9691061973571776,9.810448520382572e-06,1.0123192429412145e-05,42.5,32.705744514559136,23.945546150207523,1.1429071757528518e-05,8.768062570052582e-06,6.379768578185008e-06,2.657690290576611e-05,United States,USA,virginia,,,Windows-10-10.0.22621-SP0,3.10.8,2.3.4,16,11th Gen Intel(R) Core(TM) i7-11800H @ 2.30GHz,1,1 x NVIDIA GeForce RTX 3080 Laptop GPU,-77.0757,38.8924,63.85478973388672,machine,N,1.0
2024-03-24T19:36:49,codecarbon,c96b6f76-2877-4c25-ba4d-aeb34d8b6063,0.2504012584686279,3.4730715362874456e-06,1.3870024286329925e-05,42.5,71.18904344712709,23.945546150207523,2.9444169667032034e-06,4.874170565938307e-06,1.5901041100410871e-06,9.4086916426826e-06,United States,USA,virginia,,,Windows-10-10.0.22621-SP0,3.10.8,2.3.4,16,11th Gen Intel(R) Core(TM) i7-11800H @ 2.30GHz,1,1 x NVIDIA GeForce RTX 3080 Laptop GPU,-77.0757,38.8924,63.85478973388672,machine,N,1.0
2024-03-24T19:36:58,codecarbon,7d13b552-bc36-4782-9754-055968fa8940,7.150104284286499,6.191191342710115e-05,8.65888257926007e-06,42.5,18.047426756919187,23.945546150207523,8.439919087621901e-05,3.582975088595175e-05,4.74929425577623e-05,0.0001677218843199,United States,USA,virginia,,,Windows-10-10.0.22621-SP0,3.10.8,2.3.4,16,11th Gen Intel(R) Core(TM) i7-11800H @ 2.30GHz,1,1 x NVIDIA GeForce RTX 3080 Laptop GPU,-77.0757,38.8924,63.85478973388672,machine,N,1.0
2024-03-24T19:37:02,codecarbon,c411f53d-75f9-442b-8ea4-3c19d45fef1c,2.2628023624420166,1.979253905852038e-05,8.746914616599688e-06,42.5,19.0002653334461,23.945546150207523,2.671363900105159e-05,1.1926953985996748e-05,1.4978198011547762e-05,5.36187909985961e-05,United States,USA,virginia,,,Windows-10-10.0.22621-SP0,3.10.8,2.3.4,16,11th Gen Intel(R) Core(TM) i7-11800H @ 2.30GHz,1,1 x NVIDIA GeForce RTX 3080 Laptop GPU,-77.0757,38.8924,63.85478973388672,machine,N,1.0
2024-03-24T19:37:30,codecarbon,c411f53d-75f9-442b-8ea4-3c19d45fef1c,30.254757165908813,0.0002522125658513,8.33629450298626e-06,42.5,14.54462952253217,23.945546150207523,0.000357162462506,0.0001250012111119,0.0002010903957875,0.0006832540694055,United States,USA,virginia,,,Windows-10-10.0.22621-SP0,3.10.8,2.3.4,16,11th Gen Intel(R) Core(TM) i7-11800H @ 2.30GHz,1,1 x NVIDIA GeForce RTX 3080 Laptop GPU,-77.0757,38.8924,63.85478973388672,machine,N,1.0
2024-03-24T19:42:09,codecarbon,1008a29f-225f-42d8-882a-6bcc99de74a9,0.3868429660797119,3.848503296192194e-06,9.948489784351362e-06,42.5,31.80315401811121,23.945546150207523,4.543348650137584e-06,3.382224928016875e-06,2.500177927795259e-06,1.0425751505949715e-05,United States,USA,virginia,,,Windows-10-10.0.22621-SP0,3.10.8,2.3.4,16,11th Gen Intel(R) Core(TM) i7-11800H @ 2.30GHz,1,1 x NVIDIA GeForce RTX 3080 Laptop GPU,-77.0757,38.8924,63.85478973388672,machine,N,1.0
2024-03-24T19:42:24,codecarbon,4a36c7fb-e96b-4241-b16c-4adf3e3ae3ca,12.817137718200684,0.0001102368418967,8.600737880826616e-06,42.5,17.46836361026393,23.945546150207523,0.0001512901428673,6.217838307598367e-05,8.516754942471988e-05,0.000298636075368,United States,USA,virginia,,,Windows-10-10.0.22621-SP0,3.10.8,2.3.4,16,11th Gen Intel(R) Core(TM) i7-11800H @ 2.30GHz,1,1 x NVIDIA GeForce RTX 3080 Laptop GPU,-77.0757,38.8924,63.85478973388672,machine,N,1.0
2024-03-24T19:42:27,codecarbon,6357df0b-bb8a-4349-85f1-5d98e0c03a31,0.765815019607544,7.081387432676162e-06,9.246864126933877e-06,42.5,24.63236184903929,23.945546150207523,9.017335540718505e-06,5.178615254008978e-06,4.98781494700514e-06,1.9183765741732625e-05,United States,USA,virginia,,,Windows-10-10.0.22621-SP0,3.10.8,2.3.4,16,11th Gen Intel(R) Core(TM) i7-11800H @ 2.30GHz,1,1 x NVIDIA GeForce RTX 3080 Laptop GPU,-77.0757,38.8924,63.85478973388672,machine,N,1.0
2024-03-24T19:42:29,codecarbon,9ae5d3ff-f91b-4800-a595-4d0e54745856,0.2401943206787109,3.444022528691752e-06,1.4338484436101845e-05,42.5,75.49900789336439,23.945546150207523,2.823876175615523e-06,4.974726201978363e-06,1.5313943254255948e-06,9.329996703019482e-06,United States,USA,virginia,,,Windows-10-10.0.22621-SP0,3.10.8,2.3.4,16,11th Gen Intel(R) Core(TM) i7-11800H @ 2.30GHz,1,1 x NVIDIA GeForce RTX 3080 Laptop GPU,-77.0757,38.8924,63.85478973388672,machine,N,1.0
2024-03-24T19:42:38,codecarbon,091a936f-a148-4530-af49-57a271006a94,7.245378732681274,6.24733351056831e-05,8.622507864756407e-06,42.5,17.69771906035527,23.945546150207523,8.552388830317393e-05,3.559891736798493e-05,4.811999274458382e-05,0.0001692427984157,United States,USA,virginia,,,Windows-10-10.0.22621-SP0,3.10.8,2.3.4,16,11th Gen Intel(R) Core(TM) i7-11800H @ 2.30GHz,1,1 x NVIDIA GeForce RTX 3080 Laptop GPU,-77.0757,38.8924,63.85478973388672,machine,N,1.0
2024-03-24T19:42:42,codecarbon,831773fa-7307-42ea-9078-6a2f31b8cfd9,2.3062989711761475,2.0573307078828783e-05,8.920485737517794e-06,42.5,20.690258496012508,23.945546150207523,2.7215361264016897e-05,1.3237788368036796e-05,1.5280773597709186e-05,5.573392322976288e-05,United States,USA,virginia,,,Windows-10-10.0.22621-SP0,3.10.8,2.3.4,16,11th Gen Intel(R) Core(TM) i7-11800H @ 2.30GHz,1,1 x NVIDIA GeForce RTX 3080 Laptop GPU,-77.0757,38.8924,63.85478973388672,machine,N,1.0
2024-03-29T18:40:27,codecarbon,af25c481-e7c4-4f17-baf5-dd3d2e9a048b,0.3903577327728271,3.6744061160901528e-06,9.412920015673197e-06,42.5,26.247971131022204,23.945546150207523,4.596897628572252e-06,2.8319467100246243e-06,2.525270845922023e-06,9.9541151845189e-06,United States,USA,virginia,,,Windows-10-10.0.22621-SP0,3.10.8,2.3.4,16,11th Gen Intel(R) Core(TM) i7-11800H @ 2.30GHz,1,1 x NVIDIA GeForce RTX 3080 Laptop GPU,-77.0757,38.8924,63.85478973388672,machine,N,1.0
2024-03-29T18:40:42,codecarbon,ee754462-4cf8-4a5a-9f2a-d2b7dd3292bb,13.259845733642578,0.0001211318123682,9.135235416876195e-06,42.5,22.668551306214408,23.945546150207523,0.0001565282969011,8.348256678603061e-05,8.814012853536232e-05,0.0003281509922225,United States,USA,virginia,,,Windows-10-10.0.22621-SP0,3.10.8,2.3.4,16,11th Gen Intel(R) Core(TM) i7-11800H @ 2.30GHz,1,1 x NVIDIA GeForce RTX 3080 Laptop GPU,-77.0757,38.8924,63.85478973388672,machine,N,1.0
2024-03-29T18:40:45,codecarbon,d7416aa5-e76d-4128-bb49-e29bbd7d9e24,0.9938020706176758,1.0725575316826568e-05,1.0792466260570702e-05,42.5,39.13768991029156,23.945546150207523,1.172089891301261e-05,1.0783064182007251e-05,6.552055415402455e-06,2.9056018510422315e-05,United States,USA,virginia,,,Windows-10-10.0.22621-SP0,3.10.8,2.3.4,16,11th Gen Intel(R) Core(TM) i7-11800H @ 2.30GHz,1,1 x NVIDIA GeForce RTX 3080 Laptop GPU,-77.0757,38.8924,63.85478973388672,machine,N,1.0
2024-03-29T18:40:47,codecarbon,66d63b32-7507-4e80-8576-f20828210b69,0.2754530906677246,3.150922039327727e-06,1.1439051316104644e-05,42.5,48.14927126822055,23.945546150207523,3.240423897902171e-06,3.566947297972689e-06,1.7286043947279953e-06,8.535975590602856e-06,United States,USA,virginia,,,Windows-10-10.0.22621-SP0,3.10.8,2.3.4,16,11th Gen Intel(R) Core(TM) i7-11800H @ 2.30GHz,1,1 x NVIDIA GeForce RTX 3080 Laptop GPU,-77.0757,38.8924,63.85478973388672,machine,N,1.0
2024-03-29T18:40:57,codecarbon,558e39f0-afd3-4e05-9b10-24b96d290d65,7.762895345687866,6.922063777051844e-05,8.916858296816937e-06,42.5,20.559406002599555,23.945546150207523,9.163427005211512e-05,4.431697989804029e-05,5.157026502238675e-05,0.0001875215149725,United States,USA,virginia,,,Windows-10-10.0.22621-SP0,3.10.8,2.3.4,16,11th Gen Intel(R) Core(TM) i7-11800H @ 2.30GHz,1,1 x NVIDIA GeForce RTX 3080 Laptop GPU,-77.0757,38.8924,63.85478973388672,machine,N,1.0
2024-03-29T18:41:01,codecarbon,5dcf3871-3a68-4687-973a-1c70de6795b2,2.243156671524048,2.0510613725089163e-05,9.143638509722915e-06,42.5,22.859988982122783,23.945546150207523,2.6470221247937945e-05,1.4231678051979111e-05,1.486218509202786e-05,5.556408439194492e-05,United States,USA,virginia,,,Windows-10-10.0.22621-SP0,3.10.8,2.3.4,16,11th Gen Intel(R) Core(TM) i7-11800H @ 2.30GHz,1,1 x NVIDIA GeForce RTX 3080 Laptop GPU,-77.0757,38.8924,63.85478973388672,machine,N,1.0
2024-03-29T18:44:24,codecarbon,b1672442-bb53-4627-9c46-a86b5393ccf6,0.3943901062011719,4.000228414360786e-06,1.0142821413274336e-05,42.5,33.53516743726214,23.945546150207523,4.644502037101322e-06,3.6466695840231536e-06,2.545609383176384e-06,1.083678100430086e-05,United States,USA,virginia,,,Windows-10-10.0.22621-SP0,3.10.8,2.3.4,16,11th Gen Intel(R) Core(TM) i7-11800H @ 2.30GHz,1,1 x NVIDIA GeForce RTX 3080 Laptop GPU,-77.0757,38.8924,63.85478973388672,machine,N,1.0
2024-03-29T18:44:39,codecarbon,87355e8c-9d2b-45c7-972c-a2fdc4549d96,13.529250860214232,0.0001189515033598,8.79217220442115e-06,42.5,19.326689960097774,23.945546150207523,0.000159708830383,7.261644698197678e-05,8.991916933077942e-05,0.0003222444466958,United States,USA,virginia,,,Windows-10-10.0.22621-SP0,3.10.8,2.3.4,16,11th Gen Intel(R) Core(TM) i7-11800H @ 2.30GHz,1,1 x NVIDIA GeForce RTX 3080 Laptop GPU,-77.0757,38.8924,63.85478973388672,machine,N,1.0
2024-03-29T18:44:42,codecarbon,43f380af-6942-4173-8acc-56e61640d60d,0.9578008651733398,9.150290060740608e-06,9.553436829569595e-06,42.5,27.356896946012974,23.945546150207523,1.1295698914262984e-05,7.219172442007871e-06,6.273635509510693e-06,2.4788506865781545e-05,United States,USA,virginia,,,Windows-10-10.0.22621-SP0,3.10.8,2.3.4,16,11th Gen Intel(R) Core(TM) i7-11800H @ 2.30GHz,1,1 x NVIDIA GeForce RTX 3080 Laptop GPU,-77.0757,38.8924,63.85478973388672,machine,N,1.0
2024-03-29T18:44:44,codecarbon,e241fa70-ca3b-41db-b85c-ade21ebd139d,0.2903435230255127,4.501071940019081e-06,1.5502573961753466e-05,42.5,86.18587017489347,23.945546150207523,3.416154616408878e-06,6.904449967981563e-06,1.8729818426947988e-06,1.219358642708524e-05,United States,USA,virginia,,,Windows-10-10.0.22621-SP0,3.10.8,2.3.4,16,11th Gen Intel(R) Core(TM) i7-11800H @ 2.30GHz,1,1 x NVIDIA GeForce RTX 3080 Laptop GPU,-77.0757,38.8924,63.85478973388672,machine,N,1.0
2024-03-29T18:44:53,codecarbon,b5e98161-d5d1-4d4a-b450-4ba756b5845b,6.916656017303467,6.242791464995078e-05,9.025736496621235e-06,42.5,21.62073439396568,23.945546150207523,8.164348585738077e-05,4.152808877799785e-05,4.5948177923752576e-05,0.0001691197525591,United States,USA,virginia,,,Windows-10-10.0.22621-SP0,3.10.8,2.3.4,16,11th Gen Intel(R) Core(TM) i7-11800H @ 2.30GHz,1,1 x NVIDIA GeForce RTX 3080 Laptop GPU,-77.0757,38.8924,63.85478973388672,machine,N,1.0
2024-03-29T18:44:59,codecarbon,4a3e83e7-3542-4eec-970b-5e1e1653fee9,4.030254364013672,3.629353619472173e-05,9.005271855490907e-06,42.5,21.45663963390326,23.945546150207523,4.756789952516556e-05,2.4003630314017865e-05,2.674913160152433e-05,9.832066144070775e-05,United States,USA,virginia,,,Windows-10-10.0.22621-SP0,3.10.8,2.3.4,16,11th Gen Intel(R) Core(TM) i7-11800H @ 2.30GHz,1,1 x NVIDIA GeForce RTX 3080 Laptop GPU,-77.0757,38.8924,63.85478973388672,machine,N,1.0
2024-03-29T18:54:35,codecarbon,97650468-2e0a-4f0b-9de1-35f7f418f6a0,0.3817605972290039,4.184917252325044e-06,1.0962150841918e-05,42.5,41.56101315131057,23.945546150207523,4.495409296618568e-06,4.373614609975984e-06,2.4680866498319654e-06,1.1337110556426518e-05,United States,USA,virginia,,,Windows-10-10.0.22621-SP0,3.10.8,2.3.4,16,11th Gen Intel(R) Core(TM) i7-11800H @ 2.30GHz,1,1 x NVIDIA GeForce RTX 3080 Laptop GPU,-77.0757,38.8924,63.85478973388672,machine,N,1.0
2024-03-29T18:54:50,codecarbon,6c76ecf9-33bb-4dc2-bd85-d3e9807a5085,13.402811765670776,0.0001201297658192,8.963027155759722e-06,42.5,20.99182874899197,23.945546150207523,0.000158216155072,7.813561806402358e-05,8.908463434694626e-05,0.000325436407483,United States,USA,virginia,,,Windows-10-10.0.22621-SP0,3.10.8,2.3.4,16,11th Gen Intel(R) Core(TM) i7-11800H @ 2.30GHz,1,1 x NVIDIA GeForce RTX 3080 Laptop GPU,-77.0757,38.8924,63.85478973388672,machine,N,1.0
2024-03-29T18:54:53,codecarbon,88ce046a-99fd-4799-8b99-8e400163816b,0.9530811309814452,9.277601914279738e-06,9.734325455300988e-06,42.5,29.05283227500157,23.945546150207523,1.1240140265888638e-05,7.644450559951554e-06,6.24880901432808e-06,2.513339984016827e-05,United States,USA,virginia,,,Windows-10-10.0.22621-SP0,3.10.8,2.3.4,16,11th Gen Intel(R) Core(TM) i7-11800H @ 2.30GHz,1,1 x NVIDIA GeForce RTX 3080 Laptop GPU,-77.0757,38.8924,63.85478973388672,machine,N,1.0
2024-03-29T18:54:56,codecarbon,13d57482-feb3-4502-a24a-1afa6b10dd6d,1.1002674102783203,9.972431014943216e-06,9.06364300331373e-06,42.5,22.38097926630923,23.945546150207523,1.2977618144618142e-05,6.803894331997018e-06,7.234207576137426e-06,2.7015720052752583e-05,United States,USA,virginia,,,Windows-10-10.0.22621-SP0,3.10.8,2.3.4,16,11th Gen Intel(R) Core(TM) i7-11800H @ 2.30GHz,1,1 x NVIDIA GeForce RTX 3080 Laptop GPU,-77.0757,38.8924,63.85478973388672,machine,N,1.0
2024-03-29T18:55:12,codecarbon,18f6c332-ebd3-4a56-911d-b0de2fb6f0d9,14.544293403625488,0.0001285616204393,8.839317034630415e-06,42.5,19.784734976773272,23.945546150207523,0.0001716919771499,7.99158972659697e-05,9.66707691879473e-05,0.0003482786436038,United States,USA,virginia,,,Windows-10-10.0.22621-SP0,3.10.8,2.3.4,16,11th Gen Intel(R) Core(TM) i7-11800H @ 2.30GHz,1,1 x NVIDIA GeForce RTX 3080 Laptop GPU,-77.0757,38.8924,63.85478973388672,machine,N,1.0
2024-03-29T18:55:17,codecarbon,74b29211-765c-4bdb-ae0d-52a43d6896bb,3.1451616287231445,2.795103961134719e-05,8.886996253573969e-06,42.5,20.33136113487696,23.945546150207523,3.711893873082268e-05,1.7746125308026883e-05,2.085543582643368e-05,7.572049986528324e-05,United States,USA,virginia,,,Windows-10-10.0.22621-SP0,3.10.8,2.3.4,16,11th Gen Intel(R) Core(TM) i7-11800H @ 2.30GHz,1,1 x NVIDIA GeForce RTX 3080 Laptop GPU,-77.0757,38.8924,63.85478973388672,machine,N,1.0
2024-03-29T19:02:15,codecarbon,4f334e31-c243-46a4-91a2-f86f596d0003,0.3903067111968994,4.582289161683774e-06,1.1740226417403646e-05,42.5,48.93913478952988,23.945546150207523,4.596289661195544e-06,5.279448668016329e-06,2.537868845138292e-06,1.2413607174350163e-05,United States,USA,virginia,,,Windows-10-10.0.22621-SP0,3.10.8,2.3.4,16,11th Gen Intel(R) Core(TM) i7-11800H @ 2.30GHz,1,1 x NVIDIA GeForce RTX 3080 Laptop GPU,-77.0757,38.8924,63.85478973388672,machine,N,1.0
2024-03-29T19:02:30,codecarbon,fa17e39d-2df3-4867-9a2c-5eed571861ee,13.134527921676636,0.0001192344836217,9.077942072434153e-06,42.5,22.11330502620693,23.945546150207523,0.0001550489124324,8.066200897394182e-05,8.73001302953232e-05,0.0003230110517017,United States,USA,virginia,,,Windows-10-10.0.22621-SP0,3.10.8,2.3.4,16,11th Gen Intel(R) Core(TM) i7-11800H @ 2.30GHz,1,1 x NVIDIA GeForce RTX 3080 Laptop GPU,-77.0757,38.8924,63.85478973388672,machine,N,1.0
2024-03-29T19:02:33,codecarbon,13a46519-f084-43a4-832c-c6837ad58942,0.946441888809204,1.013046066835658e-05,1.0703732356037771e-05,42.5,38.28700448893808,23.945546150207523,1.1161802543534172e-05,1.0045008036030367e-05,6.2370182131985535e-06,2.744382879276309e-05,United States,USA,virginia,,,Windows-10-10.0.22621-SP0,3.10.8,2.3.4,16,11th Gen Intel(R) Core(TM) i7-11800H @ 2.30GHz,1,1 x NVIDIA GeForce RTX 3080 Laptop GPU,-77.0757,38.8924,63.85478973388672,machine,N,1.0
2024-03-29T19:02:36,codecarbon,d9d33035-8641-4287-aa13-ae950a1811ac,0.935509204864502,8.565320927201565e-06,9.155784766909008e-06,42.5,23.11894896979835,23.945546150207523,1.1044205890761484e-05,5.995282574000616e-06,6.164313294760859e-06,2.320380175952296e-05,United States,USA,virginia,,,Windows-10-10.0.22621-SP0,3.10.8,2.3.4,16,11th Gen Intel(R) Core(TM) i7-11800H @ 2.30GHz,1,1 x NVIDIA GeForce RTX 3080 Laptop GPU,-77.0757,38.8924,63.85478973388672,machine,N,1.0
2024-03-29T19:02:53,codecarbon,f1560345-0ecd-4830-8b63-9a41a75c57e7,15.579525709152222,0.0001403830952498,9.01074255215803e-06,42.5,29.46387371598504,23.945546150207523,0.0001839019830028,9.29484076920284e-05,0.0001034531075922,0.0003803034982871,United States,USA,virginia,,,Windows-10-10.0.22621-SP0,3.10.8,2.3.4,16,11th Gen Intel(R) Core(TM) i7-11800H @ 2.30GHz,1,1 x NVIDIA GeForce RTX 3080 Laptop GPU,-77.0757,38.8924,63.85478973388672,machine,N,1.0
2024-03-29T19:02:57,codecarbon,935995c7-e429-4acc-8ab4-97096746fe86,2.574458837509156,2.363632365590131e-05,9.181084316255748e-06,42.5,23.262073025294946,23.945546150207523,3.038142737415102e-05,1.66039021720632e-05,1.7046429811884423e-05,6.403175935809864e-05,United States,USA,virginia,,,Windows-10-10.0.22621-SP0,3.10.8,2.3.4,16,11th Gen Intel(R) Core(TM) i7-11800H @ 2.30GHz,1,1 x NVIDIA GeForce RTX 3080 Laptop GPU,-77.0757,38.8924,63.85478973388672,machine,N,1.0
2024-03-29T19:14:08,codecarbon,78e05f8a-74f8-4f3d-887f-77c387acaa88,0.4220802783966064,4.0054127496588605e-06,9.48969415219914e-06,42.5,27.471536342992927,23.945546150207523,4.9715659684605074e-06,3.168891424043529e-06,2.710368186370716e-06,1.0850825578874754e-05,United States,USA,virginia,,,Windows-10-10.0.22621-SP0,3.10.8,2.3.4,16,11th Gen Intel(R) Core(TM) i7-11800H @ 2.30GHz,1,1 x NVIDIA GeForce RTX 3080 Laptop GPU,-77.0757,38.8924,63.85478973388672,machine,N,1.0
2024-03-29T19:14:24,codecarbon,03f4d323-e201-4697-b8c6-70232aa6c51e,13.604339838027954,0.0001235985914004,9.08523257078638e-06,42.5,22.178909497941834,23.945546150207523,0.0001606067897544,8.380173370797772e-05,9.042507319885356e-05,0.0003348335966613,United States,USA,virginia,,,Windows-10-10.0.22621-SP0,3.10.8,2.3.4,16,11th Gen Intel(R) Core(TM) i7-11800H @ 2.30GHz,1,1 x NVIDIA GeForce RTX 3080 Laptop GPU,-77.0757,38.8924,63.85478973388672,machine,N,1.0
2024-03-29T19:14:27,codecarbon,8441b1af-76c0-46a7-8d4e-6b37f47eff24,0.9760501384735109,9.308934391574885e-06,9.537352667285668e-06,42.5,26.87335925110764,23.945546150207523,1.1511983308527204e-05,7.271950262011106e-06,6.434347221315306e-06,2.5218280791853617e-05,United States,USA,virginia,,,Windows-10-10.0.22621-SP0,3.10.8,2.3.4,16,11th Gen Intel(R) Core(TM) i7-11800H @ 2.30GHz,1,1 x NVIDIA GeForce RTX 3080 Laptop GPU,-77.0757,38.8924,63.85478973388672,machine,N,1.0
2024-03-29T19:14:30,codecarbon,4965fde9-f334-4588-8435-b11744187350,1.1812152862548828,1.1648818175432369e-05,9.861723185420056e-06,42.5,29.95855083607492,23.945546150207523,1.394490268495348e-05,9.813618961962424e-06,7.798599209706936e-06,3.1557120856622835e-05,United States,USA,virginia,,,Windows-10-10.0.22621-SP0,3.10.8,2.3.4,16,11th Gen Intel(R) Core(TM) i7-11800H @ 2.30GHz,1,1 x NVIDIA GeForce RTX 3080 Laptop GPU,-77.0757,38.8924,63.85478973388672,machine,N,1.0
2024-03-29T19:14:46,codecarbon,49392568-2e24-41b3-8021-d0f9785ec8c9,14.34290623664856,0.00012828651756,8.944248497715431e-06,42.5,20.80847823269474,23.945546150207523,0.0001693151765399,8.288701075392924e-05,9.533119145305592e-05,0.0003475333787469,United States,USA,virginia,,,Windows-10-10.0.22621-SP0,3.10.8,2.3.4,16,11th Gen Intel(R) Core(TM) i7-11800H @ 2.30GHz,1,1 x NVIDIA GeForce RTX 3080 Laptop GPU,-77.0757,38.8924,63.85478973388672,machine,N,1.0
2024-03-29T19:14:50,codecarbon,824ac5e1-0922-4d84-93dd-b513f5e383bb,2.400923490524292,2.1951942745983804e-05,9.143124648753442e-06,42.5,22.922393137494502,23.945546150207523,2.8332740565141043e-05,1.5250289977952748e-05,1.5885672619745608e-05,5.94687031628394e-05,United States,USA,virginia,,,Windows-10-10.0.22621-SP0,3.10.8,2.3.4,16,11th Gen Intel(R) Core(TM) i7-11800H @ 2.30GHz,1,1 x NVIDIA GeForce RTX 3080 Laptop GPU,-77.0757,38.8924,63.85478973388672,machine,N,1.0
2024-03-29T19:23:22,codecarbon,84177e97-2e0b-409e-ba75-902f84f4a1e0,0.3630499839782715,4.483786228837517e-06,1.2350327576672944e-05,42.5,55.266150519028045,23.945546150207523,4.274517297744752e-06,5.528615533934023e-06,2.3436259027912834e-06,1.2146758734470058e-05,United States,USA,virginia,,,Windows-10-10.0.22621-SP0,3.10.8,2.3.4,16,11th Gen Intel(R) Core(TM) i7-11800H @ 2.30GHz,1,1 x NVIDIA GeForce RTX 3080 Laptop GPU,-77.0757,38.8924,63.85478973388672,machine,N,1.0
2024-03-29T19:23:38,codecarbon,5bac5d76-202e-4981-b692-4a780269ef09,13.441104650497437,0.0001195765084501,8.896330440054131e-06,42.5,20.33968344110079,23.945546150207523,0.0001586682154072,7.593006074396724e-05,8.933933468155431e-05,0.0003239376108327,United States,USA,virginia,,,Windows-10-10.0.22621-SP0,3.10.8,2.3.4,16,11th Gen Intel(R) Core(TM) i7-11800H @ 2.30GHz,1,1 x NVIDIA GeForce RTX 3080 Laptop GPU,-77.0757,38.8924,63.85478973388672,machine,N,1.0
2024-03-29T19:23:40,codecarbon,e05e4b68-0dab-4b22-a569-30612c4089ed,0.9462721347808838,9.122181749120968e-06,9.640125090688924e-06,42.5,27.89294850990823,23.945546150207523,1.1159784429603157e-05,7.316672520019107e-06,6.235903360045351e-06,2.4712360309667613e-05,United States,USA,virginia,,,Windows-10-10.0.22621-SP0,3.10.8,2.3.4,16,11th Gen Intel(R) Core(TM) i7-11800H @ 2.30GHz,1,1 x NVIDIA GeForce RTX 3080 Laptop GPU,-77.0757,38.8924,63.85478973388672,machine,N,1.0
2024-03-29T19:23:43,codecarbon,d5f53016-3577-4333-8b31-e78e191ed7cc,0.810739278793335,8.501455044482067e-06,1.0486052997376938e-05,42.5,36.21702064952218,23.945546150207523,9.559729695320133e-06,8.136673176006859e-06,5.334383621819446e-06,2.303078649314644e-05,United States,USA,virginia,,,Windows-10-10.0.22621-SP0,3.10.8,2.3.4,16,11th Gen Intel(R) Core(TM) i7-11800H @ 2.30GHz,1,1 x NVIDIA GeForce RTX 3080 Laptop GPU,-77.0757,38.8924,63.85478973388672,machine,N,1.0
2024-03-29T19:23:58,codecarbon,8aa34a5f-5e9b-4990-956a-a660b861e489,12.763772249221802,0.0001135322817158,8.894884639043219e-06,42.5,20.34850249968527,23.945546150207523,0.0001506604406568,7.21014465700498e-05,8.480166825815635e-05,0.000307563555485,United States,USA,virginia,,,Windows-10-10.0.22621-SP0,3.10.8,2.3.4,16,11th Gen Intel(R) Core(TM) i7-11800H @ 2.30GHz,1,1 x NVIDIA GeForce RTX 3080 Laptop GPU,-77.0757,38.8924,63.85478973388672,machine,N,1.0
2024-03-29T19:24:03,codecarbon,af893fc0-fa09-4e0b-9ee5-654d7ca6a20a,3.130757093429565,3.0679277202983904e-05,9.799315720587095e-06,42.5,29.228069214028743,23.945546150207523,3.694883733987809e-05,2.54025203220154e-05,2.0760048483173444e-05,8.311140614506693e-05,United States,USA,virginia,,,Windows-10-10.0.22621-SP0,3.10.8,2.3.4,16,11th Gen Intel(R) Core(TM) i7-11800H @ 2.30GHz,1,1 x NVIDIA GeForce RTX 3080 Laptop GPU,-77.0757,38.8924,63.85478973388672,machine,N,1.0
2024-03-29T19:35:41,codecarbon,df32fc64-9511-41d2-aacf-e5024f5be8db,0.3725936412811279,4.8763467537120674e-06,1.308757373567947e-05,42.5,62.41709141658101,23.945546150207523,4.387182659573025e-06,6.409449572031267e-06,2.4135888850954266e-06,1.321022111669972e-05,United States,USA,virginia,,,Windows-10-10.0.22621-SP0,3.10.8,2.3.4,16,11th Gen Intel(R) Core(TM) i7-11800H @ 2.30GHz,1,1 x NVIDIA GeForce RTX 3080 Laptop GPU,-77.0757,38.8924,63.85478973388672,machine,N,1.0
2024-03-29T19:35:55,codecarbon,6564a73a-a8e8-418d-8edd-9786db382de4,12.511476993560793,0.0001155285336115,9.2338045836621e-06,42.5,23.635046823372576,23.945546150207523,0.000147693354388,8.212228791998344e-05,8.315584052066546e-05,0.0003129714828287,United States,USA,virginia,,,Windows-10-10.0.22621-SP0,3.10.8,2.3.4,16,11th Gen Intel(R) Core(TM) i7-11800H @ 2.30GHz,1,1 x NVIDIA GeForce RTX 3080 Laptop GPU,-77.0757,38.8924,63.85478973388672,machine,N,1.0
2024-03-29T19:35:58,codecarbon,b680cabe-6e63-4fa0-9c5c-0d7c48c93e55,0.893829345703125,7.964516349337438e-06,8.91055589931678e-06,42.5,20.879046903273995,23.945546150207523,1.0540662540329828e-05,5.161393018038307e-06,5.874142234011023e-06,2.157619779237916e-05,United States,USA,virginia,,,Windows-10-10.0.22621-SP0,3.10.8,2.3.4,16,11th Gen Intel(R) Core(TM) i7-11800H @ 2.30GHz,1,1 x NVIDIA GeForce RTX 3080 Laptop GPU,-77.0757,38.8924,63.85478973388672,machine,N,1.0
2024-03-29T19:36:00,codecarbon,4c493b56-aaf5-4ed8-9214-af9b9811bc09,0.818897008895874,8.994235278909933e-06,1.0983353439081357e-05,42.5,41.10297136834947,23.945546150207523,9.65602778726154e-06,9.327507462020268e-06,5.382212883697927e-06,2.436574813297973e-05,United States,USA,virginia,,,Windows-10-10.0.22621-SP0,3.10.8,2.3.4,16,11th Gen Intel(R) Core(TM) i7-11800H @ 2.30GHz,1,1 x NVIDIA GeForce RTX 3080 Laptop GPU,-77.0757,38.8924,63.85478973388672,machine,N,1.0
2024-03-29T19:36:15,codecarbon,203a3470-f94a-4035-aa74-bcf250f8b2c7,13.200992345809937,0.0001182780598547,8.959785503719588e-06,42.5,20.959023746283297,23.945546150207523,0.0001558336069186,7.684422814197012e-05,8.774222586827326e-05,0.0003204200609288,United States,USA,virginia,,,Windows-10-10.0.22621-SP0,3.10.8,2.3.4,16,11th Gen Intel(R) Core(TM) i7-11800H @ 2.30GHz,1,1 x NVIDIA GeForce RTX 3080 Laptop GPU,-77.0757,38.8924,63.85478973388672,machine,N,1.0
2024-03-29T19:36:20,codecarbon,827d0b84-b391-478e-8ad8-796bdb8ea9f6,3.2015700340271,3.195744057549201e-05,9.981802751725002e-06,42.5,30.9867555035578,23.945546150207523,3.779631290170882e-05,2.7540577588025528e-05,2.123711206754327e-05,8.657400255727762e-05,United States,USA,virginia,,,Windows-10-10.0.22621-SP0,3.10.8,2.3.4,16,11th Gen Intel(R) Core(TM) i7-11800H @ 2.30GHz,1,1 x NVIDIA GeForce RTX 3080 Laptop GPU,-77.0757,38.8924,63.85478973388672,machine,N,1.0
2024-03-29T19:44:15,codecarbon,b65b5865-9226-4d0c-8f96-1a12f9c9b12a,0.3906517028808594,3.907021918987546e-06,1.0001292430508377e-05,42.5,32.094317007183534,23.945546150207523,4.600370923678081e-06,3.4566694319670965e-06,2.527240472687709e-06,1.0584280828332886e-05,United States,USA,virginia,,,Windows-10-10.0.22621-SP0,3.10.8,2.3.4,16,11th Gen Intel(R) Core(TM) i7-11800H @ 2.30GHz,1,1 x NVIDIA GeForce RTX 3080 Laptop GPU,-77.0757,38.8924,63.85478973388672,machine,N,1.0
2024-03-29T19:44:30,codecarbon,7d1f2f9a-0d70-4114-8ab8-7a00686e05b3,12.663969993591309,0.0001120622316931,8.848902180743051e-06,42.5,19.89349831087801,23.945546150207523,0.000149493717485,6.994311151004018e-05,8.414430136048168e-05,0.0003035811303555,United States,USA,virginia,,,Windows-10-10.0.22621-SP0,3.10.8,2.3.4,16,11th Gen Intel(R) Core(TM) i7-11800H @ 2.30GHz,1,1 x NVIDIA GeForce RTX 3080 Laptop GPU,-77.0757,38.8924,63.85478973388672,machine,N,1.0
2024-03-29T19:44:32,codecarbon,f32d8e68-a448-4b12-aa83-868840438879,0.931110382080078,8.795673543841294e-06,9.44643482998436e-06,42.5,26.21401568343952,23.945546150207523,1.0980780257119072e-05,6.737505389931009e-06,6.109550692931029e-06,2.382783633998111e-05,United States,USA,virginia,,,Windows-10-10.0.22621-SP0,3.10.8,2.3.4,16,11th Gen Intel(R) Core(TM) i7-11800H @ 2.30GHz,1,1 x NVIDIA GeForce RTX 3080 Laptop GPU,-77.0757,38.8924,63.85478973388672,machine,N,1.0
2024-03-29T19:44:35,codecarbon,64397a65-aaea-4d24-9562-cdaf3c69a170,0.8151335716247559,8.703395986649224e-06,1.0677263567124683e-05,42.5,38.846940850029625,23.945546150207523,9.611626466115316e-06,8.764451456033662e-06,5.201774773070156e-06,2.3577852695219136e-05,United States,USA,virginia,,,Windows-10-10.0.22621-SP0,3.10.8,2.3.4,16,11th Gen Intel(R) Core(TM) i7-11800H @ 2.30GHz,1,1 x NVIDIA GeForce RTX 3080 Laptop GPU,-77.0757,38.8924,63.85478973388672,machine,N,1.0
2024-03-29T19:44:50,codecarbon,b86ac172-830e-44f8-9d6a-448815b541a7,13.272889375686646,0.0001213713953293,9.144308514444136e-06,42.5,22.758765210245333,23.945546150207523,0.0001566823321912,8.389728933999585e-05,8.822041064919972e-05,0.0003288000321803,United States,USA,virginia,,,Windows-10-10.0.22621-SP0,3.10.8,2.3.4,16,11th Gen Intel(R) Core(TM) i7-11800H @ 2.30GHz,1,1 x NVIDIA GeForce RTX 3080 Laptop GPU,-77.0757,38.8924,63.85478973388672,machine,N,1.0
2024-03-29T19:44:55,codecarbon,7887474a-c669-4f03-9c7e-f9f3aadb3093,3.351720094680786,3.1099457892577765e-05,9.27865603751725e-06,42.5,24.161807311461693,23.945546150207523,3.955742832687166e-05,2.247585131398555e-05,2.2216413032803457e-05,8.424969267366067e-05,United States,USA,virginia,,,Windows-10-10.0.22621-SP0,3.10.8,2.3.4,16,11th Gen Intel(R) Core(TM) i7-11800H @ 2.30GHz,1,1 x NVIDIA GeForce RTX 3080 Laptop GPU,-77.0757,38.8924,63.85478973388672,machine,N,1.0
2024-03-29T20:06:48,codecarbon,6efb7040-65b9-4f57-b6bd-4eb84afb9d45,0.0574257373809814,3.654988347505266e-07,6.364721663488371e-06,42.5,0.0,23.945546150207523,6.664504607518514e-07,0.0,3.237007054413729e-07,9.901511661932245e-07,United States,USA,virginia,,,Windows-10-10.0.22621-SP0,3.10.8,2.3.4,16,11th Gen Intel(R) Core(TM) i7-11800H @ 2.30GHz,1,1 x NVIDIA GeForce RTX 3080 Laptop GPU,-77.0757,38.8924,63.85478973388672,machine,N,1.0
2024-03-29T20:06:50,codecarbon,2440da87-f821-44f8-916d-9793a2f26c62,0.0648975372314453,1.6606758372843805e-06,2.558919657246593e-05,42.5,197.3002025124881,23.945546150207523,7.546676529778375e-07,3.3966693840370432e-06,3.475011551188345e-07,4.498838192133716e-06,United States,USA,virginia,,,Windows-10-10.0.22621-SP0,3.10.8,2.3.4,16,11th Gen Intel(R) Core(TM) i7-11800H @ 2.30GHz,1,1 x NVIDIA GeForce RTX 3080 Laptop GPU,-77.0757,38.8924,63.85478973388672,machine,N,1.0
2024-03-29T20:06:52,codecarbon,88e4b404-cc5c-48db-8132-41f18c19768b,0.4126913547515869,4.8631552149853e-06,1.1784000704140264e-05,42.5,49.49328216908285,23.945546150207523,4.860578146245744e-06,5.633615618061416e-06,2.680290938997132e-06,1.3174484703304292e-05,United States,USA,virginia,,,Windows-10-10.0.22621-SP0,3.10.8,2.3.4,16,11th Gen Intel(R) Core(TM) i7-11800H @ 2.30GHz,1,1 x NVIDIA GeForce RTX 3080 Laptop GPU,-77.0757,38.8924,63.85478973388672,machine,N,1.0
2024-03-29T20:06:55,codecarbon,b30c6084-fd88-4128-b7ed-95a10a9b17c1,0.5948696136474609,6.5034584834506375e-06,1.093257805449918e-05,42.5,40.73048567497347,23.945546150207523,7.011268370681339e-06,6.7083386999788885e-06,3.8985257096347445e-06,1.761813278029497e-05,United States,USA,virginia,,,Windows-10-10.0.22621-SP0,3.10.8,2.3.4,16,11th Gen Intel(R) Core(TM) i7-11800H @ 2.30GHz,1,1 x NVIDIA GeForce RTX 3080 Laptop GPU,-77.0757,38.8924,63.85478973388672,machine,N,1.0
2024-03-29T20:06:59,codecarbon,473d4bb9-6725-4afe-a83a-1910ca6c37db,2.2523887157440186,2.0118663835932265e-05,8.93214554632795e-06,42.5,20.90140472123762,23.945546150207523,2.6567718386650085e-05,1.3043343768004425e-05,1.4891214091984275e-05,5.450227624663879e-05,United States,USA,virginia,,,Windows-10-10.0.22621-SP0,3.10.8,2.3.4,16,11th Gen Intel(R) Core(TM) i7-11800H @ 2.30GHz,1,1 x NVIDIA GeForce RTX 3080 Laptop GPU,-77.0757,38.8924,63.85478973388672,machine,N,1.0
2024-03-29T20:09:51,codecarbon,59ceb8b7-ab79-4e17-9a9b-3b3165b9767a,169.7602186203003,0.0015428906093192,9.088646455918203e-06,42.5,21.91578381943885,23.945546150207523,0.0020039875725905,0.001047563060272,0.001128202599918,0.0041797532327806,United States,USA,virginia,,,Windows-10-10.0.22621-SP0,3.10.8,2.3.4,16,11th Gen Intel(R) Core(TM) i7-11800H @ 2.30GHz,1,1 x NVIDIA GeForce RTX 3080 Laptop GPU,-77.0757,38.8924,63.85478973388672,machine,N,1.0
2024-03-29T20:10:09,codecarbon,7f9f0730-a813-4ea5-8ec9-ae7a4d6c93c8,16.423848867416382,0.0001495537790126,9.105891086793402e-06,42.5,31.21482239068713,23.945546150207523,0.0001938811679681,0.0001021581372819,0.0001091079472687,0.0004051472525187,United States,USA,virginia,,,Windows-10-10.0.22621-SP0,3.10.8,2.3.4,16,11th Gen Intel(R) Core(TM) i7-11800H @ 2.30GHz,1,1 x NVIDIA GeForce RTX 3080 Laptop GPU,-77.0757,38.8924,63.85478973388672,machine,N,1.0
2024-03-29T20:10:57,codecarbon,a1e79a97-e261-4f6d-8be8-b73ad84ef1cb,46.42129683494568,0.0004174183648582,8.99195828893905e-06,42.5,21.993228428878016,23.945546150207523,0.0005479823852578,0.000274348275034,0.0003084726185667,0.0011308032788586,United States,USA,virginia,,,Windows-10-10.0.22621-SP0,3.10.8,2.3.4,16,11th Gen Intel(R) Core(TM) i7-11800H @ 2.30GHz,1,1 x NVIDIA GeForce RTX 3080 Laptop GPU,-77.0757,38.8924,63.85478973388672,machine,N,1.0
2024-03-29T20:11:02,codecarbon,1cc56ab9-64a4-43bb-9bb7-24e2fd77ee13,2.619940280914306,2.357072645908325e-05,8.996665546459532e-06,42.5,21.43927303367721,23.945546150207523,3.09068716234631e-05,1.5585290246034056e-05,1.736189202211828e-05,6.385405389161544e-05,United States,USA,virginia,,,Windows-10-10.0.22621-SP0,3.10.8,2.3.4,16,11th Gen Intel(R) Core(TM) i7-11800H @ 2.30GHz,1,1 x NVIDIA GeForce RTX 3080 Laptop GPU,-77.0757,38.8924,63.85478973388672,machine,N,1.0
2024-03-29T20:20:29,codecarbon,39f9c2b6-739a-42f2-8630-51a991840897,0.1024918556213378,2.049951962276308e-06,2.0001120575375023e-05,42.5,147.6217615448285,23.945546150207523,1.1984866526391771e-06,3.7916696999928953e-06,5.632466492500044e-07,5.553403001882076e-06,United States,USA,virginia,,,Windows-10-10.0.22621-SP0,3.10.8,2.3.4,16,11th Gen Intel(R) Core(TM) i7-11800H @ 2.30GHz,1,1 x NVIDIA GeForce RTX 3080 Laptop GPU,-77.0757,38.8924,63.85478973388672,machine,N,1.0
2024-03-29T20:20:31,codecarbon,8d13e45d-0d14-45f1-af69-1bd85f4cb8b1,0.0837059020996093,1.9041712902151364e-06,2.274835157918957e-05,42.5,162.2443663018734,23.945546150207523,9.881946775648329e-07,3.684725169983416e-06,4.855574015654915e-07,5.15847724911374e-06,United States,USA,virginia,,,Windows-10-10.0.22621-SP0,3.10.8,2.3.4,16,11th Gen Intel(R) Core(TM) i7-11800H @ 2.30GHz,1,1 x NVIDIA GeForce RTX 3080 Laptop GPU,-77.0757,38.8924,63.85478973388672,machine,N,1.0
2024-03-29T20:20:33,codecarbon,a33dadcf-0bdb-4b7d-8947-ec5e3def90a4,0.1051199436187744,1.2871272116764226e-06,1.2244367408950376e-05,42.5,60.61340643778825,23.945546150207523,1.2295070621702407e-06,1.6552791020085778e-06,6.020936518685479e-07,3.4868798160473666e-06,United States,USA,virginia,,,Windows-10-10.0.22621-SP0,3.10.8,2.3.4,16,11th Gen Intel(R) Core(TM) i7-11800H @ 2.30GHz,1,1 x NVIDIA GeForce RTX 3080 Laptop GPU,-77.0757,38.8924,63.85478973388672,machine,N,1.0
2024-03-29T20:20:34,codecarbon,fab3287c-3606-45a2-be5d-2e4523acee72,0.1041457653045654,1.2149545418212196e-06,1.1665904401088114e-05,42.5,54.89422770311109,23.945546150207523,1.2180147899521724e-06,1.4841678540045145e-06,5.891784824806716e-07,3.2913611264373584e-06,United States,USA,virginia,,,Windows-10-10.0.22621-SP0,3.10.8,2.3.4,16,11th Gen Intel(R) Core(TM) i7-11800H @ 2.30GHz,1,1 x NVIDIA GeForce RTX 3080 Laptop GPU,-77.0757,38.8924,63.85478973388672,machine,N,1.0
2024-03-29T20:20:39,codecarbon,17768eef-9e58-462a-8a1c-80f83d0010d1,2.195094347000122,2.035857092146829e-05,9.274576716618532e-06,42.5,24.1623327493649,23.945546150207523,2.590282443496916e-05,1.4713345103944953e-05,1.4536024731905667e-05,5.5152194270819785e-05,United States,USA,virginia,,,Windows-10-10.0.22621-SP0,3.10.8,2.3.4,16,11th Gen Intel(R) Core(TM) i7-11800H @ 2.30GHz,1,1 x NVIDIA GeForce RTX 3080 Laptop GPU,-77.0757,38.8924,63.85478973388672,machine,N,1.0
2024-03-29T20:23:33,codecarbon,326fab2e-fadf-4618-9463-79543642747e,172.67012000083923,0.0015540381035653,9.00004067616224e-06,42.5,21.35970810628376,23.945546150207523,0.0020383289054036,0.0010241172081819,0.0011475061331958,0.0042099522467813,United States,USA,virginia,,,Windows-10-10.0.22621-SP0,3.10.8,2.3.4,16,11th Gen Intel(R) Core(TM) i7-11800H @ 2.30GHz,1,1 x NVIDIA GeForce RTX 3080 Laptop GPU,-77.0757,38.8924,63.85478973388672,machine,N,1.0
2024-03-29T20:23:51,codecarbon,9f34ce5e-f0de-4116-84c6-b4891c26311e,16.26271152496338,0.0001476476466978,9.07890707347363e-06,42.5,24.376590107008965,23.945546150207523,0.0001919673711061,0.000100031746692,0.0001079843449763,0.0003999834627745,United States,USA,virginia,,,Windows-10-10.0.22621-SP0,3.10.8,2.3.4,16,11th Gen Intel(R) Core(TM) i7-11800H @ 2.30GHz,1,1 x NVIDIA GeForce RTX 3080 Laptop GPU,-77.0757,38.8924,63.85478973388672,machine,N,1.0
2024-03-29T20:24:40,codecarbon,f88470a6-a355-4d3e-83a7-4ad6d9d43260,46.86698079109192,0.0004174130095837,8.90633453527524e-06,42.5,20.76379048484544,23.945546150207523,0.0005532562517457,0.0002661213240079,0.0003114111954491,0.0011307887712028,United States,USA,virginia,,,Windows-10-10.0.22621-SP0,3.10.8,2.3.4,16,11th Gen Intel(R) Core(TM) i7-11800H @ 2.30GHz,1,1 x NVIDIA GeForce RTX 3080 Laptop GPU,-77.0757,38.8924,63.85478973388672,machine,N,1.0
2024-03-29T20:25:50,codecarbon,5ae2fd50-d9f1-4897-957b-b58fe43094af,68.6368772983551,0.0006189138753228,9.01722076650612e-06,42.5,21.717667631687203,23.945546150207523,0.0008102390264471,0.0004103294949299,0.0004560942670074,0.0016766627883844,United States,USA,virginia,,,Windows-10-10.0.22621-SP0,3.10.8,2.3.4,16,11th Gen Intel(R) Core(TM) i7-11800H @ 2.30GHz,1,1 x NVIDIA GeForce RTX 3080 Laptop GPU,-77.0757,38.8924,63.85478973388672,machine,N,1.0
2024-03-29T20:27:11,codecarbon,3780af56-f6ad-4ecb-90e4-57ba20935f01,0.0661864280700683,1.062129791766723e-06,1.60475466457005e-05,42.5,102.82283546269105,23.945546150207523,7.698865400420296e-07,1.7513902899612963e-06,3.560758507082559e-07,2.8773526807115823e-06,United States,USA,virginia,,,Windows-10-10.0.22621-SP0,3.10.8,2.3.4,16,11th Gen Intel(R) Core(TM) i7-11800H @ 2.30GHz,1,1 x NVIDIA GeForce RTX 3080 Laptop GPU,-77.0757,38.8924,63.85478973388672,machine,N,1.0
2024-03-29T20:27:13,codecarbon,6a61820d-88ed-4a38-a020-eb8954c174a1,0.059373140335083,1.1182540878641135e-06,1.883434296304769e-05,42.5,142.95625191816717,23.945546150207523,6.894462638431126e-07,2.048612749994128e-06,2.9133666113049614e-07,3.0293956749677363e-06,United States,USA,virginia,,,Windows-10-10.0.22621-SP0,3.10.8,2.3.4,16,11th Gen Intel(R) Core(TM) i7-11800H @ 2.30GHz,1,1 x NVIDIA GeForce RTX 3080 Laptop GPU,-77.0757,38.8924,63.85478973388672,machine,N,1.0
2024-03-29T20:27:15,codecarbon,59eb4236-34b1-4dbd-b3c4-813f609736b9,0.475689172744751,5.766801917073775e-06,1.21230464082229e-05,42.5,52.871580085485846,23.945546150207523,5.592784782250723e-06,6.943338888010242e-06,3.086376596513674e-06,1.5622500266774638e-05,United States,USA,virginia,,,Windows-10-10.0.22621-SP0,3.10.8,2.3.4,16,11th Gen Intel(R) Core(TM) i7-11800H @ 2.30GHz,1,1 x NVIDIA GeForce RTX 3080 Laptop GPU,-77.0757,38.8924,63.85478973388672,machine,N,1.0
2024-03-29T20:27:17,codecarbon,11d35d50-9765-4421-bb51-ae78d5296e79,0.6016440391540527,5.734859043994279e-06,9.531980158995396e-06,42.5,27.14108007868014,23.945546150207523,7.091435624493494e-06,4.513892500002115e-06,3.930637603659193e-06,1.55359657281548e-05,United States,USA,virginia,,,Windows-10-10.0.22621-SP0,3.10.8,2.3.4,16,11th Gen Intel(R) Core(TM) i7-11800H @ 2.30GHz,1,1 x NVIDIA GeForce RTX 3080 Laptop GPU,-77.0757,38.8924,63.85478973388672,machine,N,1.0
2024-03-29T20:27:21,codecarbon,c2230ad4-36c6-48f5-9946-22959a257b30,2.227752208709717,2.1275246591619603e-05,9.5500956113705e-06,42.5,26.83882703726795,23.945546150207523,2.628836019171609e-05,1.6593902163963836e-05,1.4753243481483957e-05,5.763550583716388e-05,United States,USA,virginia,,,Windows-10-10.0.22621-SP0,3.10.8,2.3.4,16,11th Gen Intel(R) Core(TM) i7-11800H @ 2.30GHz,1,1 x NVIDIA GeForce RTX 3080 Laptop GPU,-77.0757,38.8924,63.85478973388672,machine,N,1.0
2024-03-29T20:30:14,codecarbon,a8f4ebaf-a577-4c4d-973f-66ad08460572,171.05633735656738,0.0015578037649579,9.106963173838442e-06,42.5,24.654504999596146,23.945546150207523,0.0020192889715234,0.0010640430734559,0.0011368215312313,0.0042201535762107,United States,USA,virginia,,,Windows-10-10.0.22621-SP0,3.10.8,2.3.4,16,11th Gen Intel(R) Core(TM) i7-11800H @ 2.30GHz,1,1 x NVIDIA GeForce RTX 3080 Laptop GPU,-77.0757,38.8924,63.85478973388672,machine,N,1.0
2024-03-29T20:30:32,codecarbon,f1c11838-ddb8-4550-8df8-d4119aa12b05,15.90770149230957,0.0001425538738171,8.961311845467046e-06,42.5,25.7117699196934,23.945546150207523,0.0001877762213349,9.27461853080236e-05,0.0001056618188191,0.0003861842254621,United States,USA,virginia,,,Windows-10-10.0.22621-SP0,3.10.8,2.3.4,16,11th Gen Intel(R) Core(TM) i7-11800H @ 2.30GHz,1,1 x NVIDIA GeForce RTX 3080 Laptop GPU,-77.0757,38.8924,63.85478973388672,machine,N,1.0
2024-03-29T20:31:20,codecarbon,79481ff9-9bab-415a-92f8-4e5c9a4555e8,45.6241762638092,0.0004204674314662,9.215890913514922e-06,42.5,25.113415018337992,23.945546150207523,0.0005385728375779,0.0002974207934919,0.0003030696928849,0.0011390633239548,United States,USA,virginia,,,Windows-10-10.0.22621-SP0,3.10.8,2.3.4,16,11th Gen Intel(R) Core(TM) i7-11800H @ 2.30GHz,1,1 x NVIDIA GeForce RTX 3080 Laptop GPU,-77.0757,38.8924,63.85478973388672,machine,N,1.0
2024-03-29T20:31:27,codecarbon,a6ce0272-554e-4ec6-b5c0-30b1fa0ce69a,6.020460605621338,5.613106431588093e-05,9.323383706467748e-06,42.5,24.53082509669509,23.945546150207523,7.106339269214206e-05,4.101086614199945e-05,3.998707080038836e-05,0.0001520613296345,United States,USA,virginia,,,Windows-10-10.0.22621-SP0,3.10.8,2.3.4,16,11th Gen Intel(R) Core(TM) i7-11800H @ 2.30GHz,1,1 x NVIDIA GeForce RTX 3080 Laptop GPU,-77.0757,38.8924,63.85478973388672,machine,N,1.0
2024-03-29T20:32:55,codecarbon,27eecf81-2f40-49ce-8ba0-c15faeaeaaca,0.0919423103332519,1.134589239642127e-06,1.234022981943483e-05,42.5,59.27647061170446,23.945546150207523,1.0739434096548291e-06,1.4658345059981317e-06,5.338703479556747e-07,3.0736482636086355e-06,United States,USA,virginia,,,Windows-10-10.0.22621-SP0,3.10.8,2.3.4,16,11th Gen Intel(R) Core(TM) i7-11800H @ 2.30GHz,1,1 x NVIDIA GeForce RTX 3080 Laptop GPU,-77.0757,38.8924,63.85478973388672,machine,N,1.0
2024-03-29T20:32:57,codecarbon,5803ecce-7274-4573-8d2f-5694a7ce0bbe,0.0817549228668212,1.5771788847949472e-06,1.929154636185237e-05,42.5,131.6055040069345,23.945546150207523,9.536700116263496e-07,2.846391165989281e-06,4.725803839941516e-07,4.272641561609783e-06,United States,USA,virginia,,,Windows-10-10.0.22621-SP0,3.10.8,2.3.4,16,11th Gen Intel(R) Core(TM) i7-11800H @ 2.30GHz,1,1 x NVIDIA GeForce RTX 3080 Laptop GPU,-77.0757,38.8924,63.85478973388672,machine,N,1.0
2024-03-29T20:32:59,codecarbon,f0560bfa-f0a0-4ef3-86e5-7f95228d17cf,0.0944082736968994,1.729287804342386e-06,1.8317121335088872e-05,42.5,118.02718364125744,23.945546150207523,1.103049847814772e-06,3.0313913139679016e-06,5.502696316786645e-07,4.684710793461338e-06,United States,USA,virginia,,,Windows-10-10.0.22621-SP0,3.10.8,2.3.4,16,11th Gen Intel(R) Core(TM) i7-11800H @ 2.30GHz,1,1 x NVIDIA GeForce RTX 3080 Laptop GPU,-77.0757,38.8924,63.85478973388672,machine,N,1.0
2024-03-29T20:33:01,codecarbon,100852e9-b11c-4b8d-b003-ac07390a7b23,0.1099812984466552,1.282094999450978e-06,1.165739100700687e-05,42.5,59.07779039225976,23.945546150207523,1.2869008713298374e-06,1.5972235000161206e-06,5.891229777006402e-07,3.473247349046598e-06,United States,USA,virginia,,,Windows-10-10.0.22621-SP0,3.10.8,2.3.4,16,11th Gen Intel(R) Core(TM) i7-11800H @ 2.30GHz,1,1 x NVIDIA GeForce RTX 3080 Laptop GPU,-77.0757,38.8924,63.85478973388672,machine,N,1.0
2024-03-29T20:33:05,codecarbon,bef29a89-92c6-4217-a336-73550e49e0fb,2.2023379802703857,1.955999575621629e-05,8.881468662595948e-06,42.5,20.303190292171514,23.945546150207523,2.598839584324096e-05,1.240973215005381e-05,1.4590693768534874e-05,5.298882176182963e-05,United States,USA,virginia,,,Windows-10-10.0.22621-SP0,3.10.8,2.3.4,16,11th Gen Intel(R) Core(TM) i7-11800H @ 2.30GHz,1,1 x NVIDIA GeForce RTX 3080 Laptop GPU,-77.0757,38.8924,63.85478973388672,machine,N,1.0
2024-03-29T20:36:00,codecarbon,7bf30aee-73de-4130-8c9e-bc3fdf4a590b,172.89519739151,0.0015768704482206,9.120383168596098e-06,42.5,23.57154980275141,23.945546150207523,0.0020410320803523,0.001081773365418,0.0011490005486509,0.0042718059944212,United States,USA,virginia,,,Windows-10-10.0.22621-SP0,3.10.8,2.3.4,16,11th Gen Intel(R) Core(TM) i7-11800H @ 2.30GHz,1,1 x NVIDIA GeForce RTX 3080 Laptop GPU,-77.0757,38.8924,63.85478973388672,machine,N,1.0
2024-03-29T20:36:18,codecarbon,ab777a22-4c51-4ada-afa4-e0f83dc543ef,16.512216806411743,0.0001511166643873,9.15180960612731e-06,42.5,28.572509490705063,23.945546150207523,0.0001949015370673,0.000104796750504,0.0001096828848104,0.0004093811723819,United States,USA,virginia,,,Windows-10-10.0.22621-SP0,3.10.8,2.3.4,16,11th Gen Intel(R) Core(TM) i7-11800H @ 2.30GHz,1,1 x NVIDIA GeForce RTX 3080 Laptop GPU,-77.0757,38.8924,63.85478973388672,machine,N,1.0
2024-03-29T20:37:07,codecarbon,30fc8f3b-be1b-4bce-808c-607c65ff86c7,46.80009627342224,0.0004164502926779,8.898492222000538e-06,42.5,20.75482036501552,23.945546150207523,0.0005524667667018,0.0002647254895579,0.0003109884758019,0.0011281807320617,United States,USA,virginia,,,Windows-10-10.0.22621-SP0,3.10.8,2.3.4,16,11th Gen Intel(R) Core(TM) i7-11800H @ 2.30GHz,1,1 x NVIDIA GeForce RTX 3080 Laptop GPU,-77.0757,38.8924,63.85478973388672,machine,N,1.0
2024-03-29T20:38:19,codecarbon,98cfba6a-9b38-4678-b246-92dc549676c7,69.94637632369995,0.0006376360617241,9.116069984429656e-06,42.5,23.619637472663484,23.945546150207523,0.0008256753969523,0.000436895627294,0.0004648109263798,0.0017273819506262,United States,USA,virginia,,,Windows-10-10.0.22621-SP0,3.10.8,2.3.4,16,11th Gen Intel(R) Core(TM) i7-11800H @ 2.30GHz,1,1 x NVIDIA GeForce RTX 3080 Laptop GPU,-77.0757,38.8924,63.85478973388672,machine,N,1.0
2024-03-29T20:59:16,codecarbon,c6ec12b6-130c-4e0e-84e6-1d0eeb31bd06,227.9784362316132,0.0020614774927588,9.042423164375593e-06,42.5,24.178653290099383,23.945546150207523,0.0026912281814548,0.001378336102668,0.0015150618472558,0.0055846261313787,United States,USA,virginia,,,Windows-10-10.0.22621-SP0,3.10.8,2.3.4,16,11th Gen Intel(R) Core(TM) i7-11800H @ 2.30GHz,1,1 x NVIDIA GeForce RTX 3080 Laptop GPU,-77.0757,38.8924,63.85478973388672,machine,N,1.0
2024-03-29T21:06:48,codecarbon,dad8ebac-ea0c-4d24-b232-ca79a8c35bd5,0.0924663543701171,1.4079650071065291e-06,1.522678185700753e-05,42.5,88.05470251292891,23.945546150207523,1.0801300406455994e-06,2.1902795300232647e-06,5.438247337915906e-07,3.814234304460455e-06,United States,USA,virginia,,,Windows-10-10.0.22621-SP0,3.10.8,2.3.4,16,11th Gen Intel(R) Core(TM) i7-11800H @ 2.30GHz,1,1 x NVIDIA GeForce RTX 3080 Laptop GPU,-77.0757,38.8924,63.85478973388672,machine,N,1.0
2024-03-29T21:06:50,codecarbon,f9989f1b-7c1a-47d9-bd9e-b85ca5ebe429,0.0837016105651855,1.4222001768322365e-06,1.6991311961968147e-05,42.5,111.4272828814789,23.945546150207523,9.766573707262677e-07,2.4100019280215434e-06,4.661386578087938e-07,3.852797956556604e-06,United States,USA,virginia,,,Windows-10-10.0.22621-SP0,3.10.8,2.3.4,16,11th Gen Intel(R) Core(TM) i7-11800H @ 2.30GHz,1,1 x NVIDIA GeForce RTX 3080 Laptop GPU,-77.0757,38.8924,63.85478973388672,machine,N,1.0
2024-03-29T21:06:52,codecarbon,c3d6b9e1-f5b6-4953-aa98-bfa7418fcb01,0.0924623012542724,5.951942992555736e-07,6.4371564538371365e-06,42.5,0.0,23.945546150207523,1.068587104479472e-06,0.0,5.438183903881585e-07,1.6124054948676305e-06,United States,USA,virginia,,,Windows-10-10.0.22621-SP0,3.10.8,2.3.4,16,11th Gen Intel(R) Core(TM) i7-11800H @ 2.30GHz,1,1 x NVIDIA GeForce RTX 3080 Laptop GPU,-77.0757,38.8924,63.85478973388672,machine,N,1.0
2024-03-29T21:06:54,codecarbon,20f94145-c393-489b-b80c-f28c0a8a67ca,0.0973279476165771,1.5681307076544771e-06,1.611182343875285e-05,42.5,95.65732389128556,23.945546150207523,1.137518220477634e-06,2.5344464719689874e-06,5.761649903395968e-07,4.248129682786218e-06,United States,USA,virginia,,,Windows-10-10.0.22621-SP0,3.10.8,2.3.4,16,11th Gen Intel(R) Core(TM) i7-11800H @ 2.30GHz,1,1 x NVIDIA GeForce RTX 3080 Laptop GPU,-77.0757,38.8924,63.85478973388672,machine,N,1.0
2024-03-29T21:06:58,codecarbon,f8a9a5dc-a3af-4acc-8f1d-b1a70952ad8b,2.326205015182495,2.236386118423745e-05,9.6138822839237e-06,42.5,27.45442350186533,23.945546150207523,2.7450653082794617e-05,1.7725847514027393e-05,1.5408106320653777e-05,6.058460691747579e-05,United States,USA,virginia,,,Windows-10-10.0.22621-SP0,3.10.8,2.3.4,16,11th Gen Intel(R) Core(TM) i7-11800H @ 2.30GHz,1,1 x NVIDIA GeForce RTX 3080 Laptop GPU,-77.0757,38.8924,63.85478973388672,machine,N,1.0
2024-03-29T21:09:52,codecarbon,938e214c-3907-409d-a71e-bd7e6511e326,172.1628737449646,0.0015660465712648,9.096308264374965e-06,42.5,22.999690682684243,23.945546150207523,0.0020323978205521,0.001065876130478,0.001144209721754,0.0042424836727843,United States,USA,virginia,,,Windows-10-10.0.22621-SP0,3.10.8,2.3.4,16,11th Gen Intel(R) Core(TM) i7-11800H @ 2.30GHz,1,1 x NVIDIA GeForce RTX 3080 Laptop GPU,-77.0757,38.8924,63.85478973388672,machine,N,1.0
2024-03-29T21:10:10,codecarbon,dcc63b15-4b45-4a4a-b95f-330ece3e9ba2,16.430699110031128,0.0001478595223638,8.998979372312567e-06,42.5,27.36125889073009,23.945546150207523,0.0001939505578743,9.74598001899918e-05,0.000109147084482,0.0004005574425463,United States,USA,virginia,,,Windows-10-10.0.22621-SP0,3.10.8,2.3.4,16,11th Gen Intel(R) Core(TM) i7-11800H @ 2.30GHz,1,1 x NVIDIA GeForce RTX 3080 Laptop GPU,-77.0757,38.8924,63.85478973388672,machine,N,1.0
2024-03-29T21:10:58,codecarbon,f0f4fff7-1927-4284-8aa5-b61236e02523,46.02859711647034,0.0004153639822483,9.024041753810786e-06,42.5,25.711750008097628,23.945546150207523,0.0005433472447925,0.000276072720858,0.000305817907402,0.0011252378730525,United States,USA,virginia,,,Windows-10-10.0.22621-SP0,3.10.8,2.3.4,16,11th Gen Intel(R) Core(TM) i7-11800H @ 2.30GHz,1,1 x NVIDIA GeForce RTX 3080 Laptop GPU,-77.0757,38.8924,63.85478973388672,machine,N,1.0
2024-03-29T21:12:06,codecarbon,84d3670e-3af8-402c-ad7d-84d217092024,66.09897375106812,0.0005969201131572,9.030701677840402e-06,42.5,24.39801359475893,23.945546150207523,0.0007802661812967,0.0003976550403459,0.0004391595730753,0.001617080794718,United States,USA,virginia,,,Windows-10-10.0.22621-SP0,3.10.8,2.3.4,16,11th Gen Intel(R) Core(TM) i7-11800H @ 2.30GHz,1,1 x NVIDIA GeForce RTX 3080 Laptop GPU,-77.0757,38.8924,63.85478973388672,machine,N,1.0
2024-03-29T21:13:32,codecarbon,5d4fcf1d-35f0-4670-9aec-e4cc40a08e2a,83.91972017288208,0.0007633950677732,9.09673037756322e-06,42.5,23.95859833259193,23.945546150207523,0.0009906270593404,0.0005198154158519,0.0005576257229941,0.0020680681981866,United States,USA,virginia,,,Windows-10-10.0.22621-SP0,3.10.8,2.3.4,16,11th Gen Intel(R) Core(TM) i7-11800H @ 2.30GHz,1,1 x NVIDIA GeForce RTX 3080 Laptop GPU,-77.0757,38.8924,63.85478973388672,machine,N,1.0
2024-03-29T22:00:11,codecarbon,5f5556a9-c698-4019-9a81-c41a095feb50,30.76173162460327,0.0002791255285678,9.073791162803192e-06,42.5,22.16326150199665,23.945546150207523,0.000363124852048,0.000188657650926,0.0002043798738893,0.0007561623768633,United States,USA,virginia,,,Windows-10-10.0.22621-SP0,3.10.8,2.3.4,16,11th Gen Intel(R) Core(TM) i7-11800H @ 2.30GHz,1,1 x NVIDIA GeForce RTX 3080 Laptop GPU,-77.0757,38.8924,63.85478973388672,machine,N,1.0
2024-03-29T22:19:00,codecarbon,d5e02138-ebbb-4b9c-b746-296072f35d7a,0.0927803516387939,1.1601944458444546e-06,1.2504742926188116e-05,42.5,61.54929817337303,23.945546150207523,1.0838425821728178e-06,1.5197234380370794e-06,5.394477854234007e-07,3.143013805633298e-06,United States,USA,virginia,,,Windows-10-10.0.22621-SP0,3.10.8,2.3.4,16,11th Gen Intel(R) Core(TM) i7-11800H @ 2.30GHz,1,1 x NVIDIA GeForce RTX 3080 Laptop GPU,-77.0757,38.8924,63.85478973388672,machine,N,1.0
2024-03-29T22:19:02,codecarbon,a61d5303-838d-4092-b7c1-52729094a488,0.0817584991455078,1.453920318448309e-06,1.7783109201414376e-05,42.5,115.02025904679948,23.945546150207523,9.537122315830656e-07,2.518890904024129e-06,4.661259710019295e-07,3.938729106609125e-06,United States,USA,virginia,,,Windows-10-10.0.22621-SP0,3.10.8,2.3.4,16,11th Gen Intel(R) Core(TM) i7-11800H @ 2.30GHz,1,1 x NVIDIA GeForce RTX 3080 Laptop GPU,-77.0757,38.8924,63.85478973388672,machine,N,1.0
2024-03-29T22:19:04,codecarbon,b743a0df-9a31-4975-addf-8014802d0001,0.0947480201721191,1.1545828041729226e-06,1.2185825118831072e-05,42.5,57.05259010176272,23.945546150207523,1.1070579290390015e-06,1.4552789420196888e-06,5.654747697055504e-07,3.1278116407642404e-06,United States,USA,virginia,,,Windows-10-10.0.22621-SP0,3.10.8,2.3.4,16,11th Gen Intel(R) Core(TM) i7-11800H @ 2.30GHz,1,1 x NVIDIA GeForce RTX 3080 Laptop GPU,-77.0757,38.8924,63.85478973388672,machine,N,1.0
2024-03-29T22:19:06,codecarbon,2e1c4767-b851-4fce-85e5-bd1eff09497c,0.0895466804504394,1.5470381996207108e-06,1.7276332208394205e-05,42.5,108.6504049399443,23.945546150207523,1.0456616679827371e-06,2.614446536042258e-06,5.308810190882696e-07,4.190989223113265e-06,United States,USA,virginia,,,Windows-10-10.0.22621-SP0,3.10.8,2.3.4,16,11th Gen Intel(R) Core(TM) i7-11800H @ 2.30GHz,1,1 x NVIDIA GeForce RTX 3080 Laptop GPU,-77.0757,38.8924,63.85478973388672,machine,N,1.0
2024-03-29T22:19:10,codecarbon,b5d065b2-ef90-423a-9ccd-6972ebe16572,2.243619441986084,2.0130542784146305e-05,8.972351731061155e-06,42.5,21.217906018523152,23.945546150207523,2.64757267302937e-05,1.3206399454013251e-05,1.4852330614796e-05,5.453445679910296e-05,United States,USA,virginia,,,Windows-10-10.0.22621-SP0,3.10.8,2.3.4,16,11th Gen Intel(R) Core(TM) i7-11800H @ 2.30GHz,1,1 x NVIDIA GeForce RTX 3080 Laptop GPU,-77.0757,38.8924,63.85478973388672,machine,N,1.0
2024-03-29T22:22:00,codecarbon,fa46aadb-c2c2-4ff6-a769-55a5d43921dd,168.0870759487152,0.0015314966169314,9.111328805545287e-06,42.5,27.64282075543425,23.945546150207523,0.0019842695242828,0.0010475597269359,0.0011170571940981,0.0041488864453169,United States,USA,virginia,,,Windows-10-10.0.22621-SP0,3.10.8,2.3.4,16,11th Gen Intel(R) Core(TM) i7-11800H @ 2.30GHz,1,1 x NVIDIA GeForce RTX 3080 Laptop GPU,-77.0757,38.8924,63.85478973388672,machine,N,1.0
2024-03-29T22:22:19,codecarbon,b5c20281-6c3f-442f-b53e-1bfc75116554,16.935343742370605,0.0001519236563658,8.970804412178319e-06,42.5,23.291306497145573,23.945546150207523,0.0001999081512292,9.91489682079516e-05,0.0001125102269419,0.0004115673463791,United States,USA,virginia,,,Windows-10-10.0.22621-SP0,3.10.8,2.3.4,16,11th Gen Intel(R) Core(TM) i7-11800H @ 2.30GHz,1,1 x NVIDIA GeForce RTX 3080 Laptop GPU,-77.0757,38.8924,63.85478973388672,machine,N,1.0
2024-03-29T22:23:07,codecarbon,ec58a450-1e69-46c6-85ba-1032e03af438,45.94888877868652,0.0004172257877961,9.080214971155072e-06,42.5,30.413837325945213,23.945546150207523,0.000542417800592,0.000282543559368,0.0003053202198272,0.0011302815797873,United States,USA,virginia,,,Windows-10-10.0.22621-SP0,3.10.8,2.3.4,16,11th Gen Intel(R) Core(TM) i7-11800H @ 2.30GHz,1,1 x NVIDIA GeForce RTX 3080 Laptop GPU,-77.0757,38.8924,63.85478973388672,machine,N,1.0
2024-03-29T22:24:17,codecarbon,7664533b-3e54-42f9-a103-3f13ed3eed9e,68.26590323448181,0.0006182999571124,9.057229565814947e-06,42.5,24.90622338833608,23.945546150207523,0.0008058364813526,0.000415555888,0.0004536072897021,0.0016749996590548,United States,USA,virginia,,,Windows-10-10.0.22621-SP0,3.10.8,2.3.4,16,11th Gen Intel(R) Core(TM) i7-11800H @ 2.30GHz,1,1 x NVIDIA GeForce RTX 3080 Laptop GPU,-77.0757,38.8924,63.85478973388672,machine,N,1.0
2024-03-29T22:25:10,codecarbon,fdab1003-9e99-4104-9edd-ff1e63020462,30.11504030227661,0.0002749891985135,9.13129106763331e-06,42.5,85.67907939303284,23.945546150207523,0.0003555018108752,0.0001893895959559,0.0002000654841657,0.0007449568909969,United States,USA,virginia,,,Windows-10-10.0.22621-SP0,3.10.8,2.3.4,16,11th Gen Intel(R) Core(TM) i7-11800H @ 2.30GHz,1,1 x NVIDIA GeForce RTX 3080 Laptop GPU,-77.0757,38.8924,63.85478973388672,machine,N,1.0
2024-03-29T22:29:10,codecarbon,5f05174c-28c8-4ab3-9977-e66cd204ae81,227.79623746871948,0.0020424229919355,8.966008458397147e-06,42.5,20.04890186752516,23.945546150207523,0.0026890764272875,0.001330066897386,0.0015138633912171,0.0055330067158906,United States,USA,virginia,,,Windows-10-10.0.22621-SP0,3.10.8,2.3.4,16,11th Gen Intel(R) Core(TM) i7-11800H @ 2.30GHz,1,1 x NVIDIA GeForce RTX 3080 Laptop GPU,-77.0757,38.8924,63.85478973388672,machine,N,1.0
2024-03-30T00:28:09,codecarbon,f8e6fa85-0ebd-4b9a-8860-ff86447bd3c1,0.0956006050109863,1.888734035927132e-06,1.9756507144594747e-05,42.5,135.514672036977,23.945546150207523,1.1050820350646974e-06,3.4486138700273727e-06,5.629611960955572e-07,5.116657101187627e-06,United States,USA,virginia,,,Windows-10-10.0.22621-SP0,3.10.8,2.3.4,16,11th Gen Intel(R) Core(TM) i7-11800H @ 2.30GHz,1,1 x NVIDIA GeForce RTX 3080 Laptop GPU,-77.0757,38.8924,63.85478973388672,machine,N,1.0
2024-03-30T00:28:11,codecarbon,2f7933e7-b898-44c3-a70e-4ace235d6266,0.0936362743377685,1.6876684573743015e-06,1.8023660908233872e-05,42.5,116.5624711160861,23.945546150207523,1.0936601294411554e-06,2.935002348047888e-06,5.432998171575795e-07,4.571962294646624e-06,United States,USA,virginia,,,Windows-10-10.0.22621-SP0,3.10.8,2.3.4,16,11th Gen Intel(R) Core(TM) i7-11800H @ 2.30GHz,1,1 x NVIDIA GeForce RTX 3080 Laptop GPU,-77.0757,38.8924,63.85478973388672,machine,N,1.0
2024-03-30T00:28:13,codecarbon,35fe7c23-cab9-40c1-b3ae-192c921ee169,0.0946798324584961,1.218864841821739e-06,1.287354244480778e-05,42.5,64.09691873410368,23.945546150207523,1.1059827274746366e-06,1.6325013060258795e-06,5.63470254220988e-07,3.301954287721504e-06,United States,USA,virginia,,,Windows-10-10.0.22621-SP0,3.10.8,2.3.4,16,11th Gen Intel(R) Core(TM) i7-11800H @ 2.30GHz,1,1 x NVIDIA GeForce RTX 3080 Laptop GPU,-77.0757,38.8924,63.85478973388672,machine,N,1.0
2024-03-30T00:28:15,codecarbon,9a6652d7-be8f-4ef7-9837-371c02e721a3,0.0935635566711425,1.2251560303468247e-06,1.3094372145909395e-05,42.5,66.65324225037068,23.945546150207523,1.092801656987932e-06,1.6769457860110748e-06,5.492499295769449e-07,3.318997372575952e-06,United States,USA,virginia,,,Windows-10-10.0.22621-SP0,3.10.8,2.3.4,16,11th Gen Intel(R) Core(TM) i7-11800H @ 2.30GHz,1,1 x NVIDIA GeForce RTX 3080 Laptop GPU,-77.0757,38.8924,63.85478973388672,machine,N,1.0
2024-03-30T00:28:19,codecarbon,524abe2c-c9cb-4477-bf4a-3eee80adef4d,2.125934600830078,1.853495396202444e-05,8.718496775388766e-06,42.5,18.901452754390345,23.945546150207523,2.5086070928308698e-05,1.1104453328025787e-05,1.4021417714322602e-05,5.0211941970657086e-05,United States,USA,virginia,,,Windows-10-10.0.22621-SP0,3.10.8,2.3.4,16,11th Gen Intel(R) Core(TM) i7-11800H @ 2.30GHz,1,1 x NVIDIA GeForce RTX 3080 Laptop GPU,-77.0757,38.8924,63.85478973388672,machine,N,1.0
2024-03-30T00:31:14,codecarbon,a3c988b3-611b-4cbb-b952-09a496dec92e,173.63738656044006,0.0014867238110896,8.56223328708134e-06,42.5,18.301815319312333,23.945546150207523,0.0020497212457988,0.000824145381538,0.0011537284711876,0.0040275950985244,United States,USA,virginia,,,Windows-10-10.0.22621-SP0,3.10.8,2.3.4,16,11th Gen Intel(R) Core(TM) i7-11800H @ 2.30GHz,1,1 x NVIDIA GeForce RTX 3080 Laptop GPU,-77.0757,38.8924,63.85478973388672,machine,N,1.0
2024-03-30T00:31:34,codecarbon,e8da6c25-ba4a-40af-8ee9-ad4e822fc4ed,17.113919258117676,0.0001493974215664,8.72958550950389e-06,42.5,17.805872053082854,23.945546150207523,0.0002020159938269,8.907923793005645e-05,0.000113628442099,0.0004047236738559,United States,USA,virginia,,,Windows-10-10.0.22621-SP0,3.10.8,2.3.4,16,11th Gen Intel(R) Core(TM) i7-11800H @ 2.30GHz,1,1 x NVIDIA GeForce RTX 3080 Laptop GPU,-77.0757,38.8924,63.85478973388672,machine,N,1.0
2024-03-30T00:32:26,codecarbon,aea5c2ff-e99d-4069-8a34-ce9dbd0c7b9a,50.74405574798584,0.0004478634210874,8.825928761226173e-06,42.5,19.01133920835641,23.945546150207523,0.0005989910902248,0.00027714744394,0.0003371416367217,0.0012132801708866,United States,USA,virginia,,,Windows-10-10.0.22621-SP0,3.10.8,2.3.4,16,11th Gen Intel(R) Core(TM) i7-11800H @ 2.30GHz,1,1 x NVIDIA GeForce RTX 3080 Laptop GPU,-77.0757,38.8924,63.85478973388672,machine,N,1.0
2024-03-30T00:33:42,codecarbon,828101f5-6d1b-41ad-987f-042152d50f91,73.74350452423096,0.0006407913414621,8.68946147320135e-06,42.5,21.500458207934766,23.945546150207523,0.0008704889396826,0.000375416411444,0.0004900243802727,0.0017359297313993,United States,USA,virginia,,,Windows-10-10.0.22621-SP0,3.10.8,2.3.4,16,11th Gen Intel(R) Core(TM) i7-11800H @ 2.30GHz,1,1 x NVIDIA GeForce RTX 3080 Laptop GPU,-77.0757,38.8924,63.85478973388672,machine,N,1.0
2024-03-30T00:34:16,codecarbon,cba4c098-a0e4-415a-b525-bd2f025e61db,31.89288640022278,0.0002728907308298,8.55647643193415e-06,42.5,18.921139349268373,23.945546150207523,0.0003764780758155,0.000150915676288,0.0002118783048344,0.0007392720569381,United States,USA,virginia,,,Windows-10-10.0.22621-SP0,3.10.8,2.3.4,16,11th Gen Intel(R) Core(TM) i7-11800H @ 2.30GHz,1,1 x NVIDIA GeForce RTX 3080 Laptop GPU,-77.0757,38.8924,63.85478973388672,machine,N,1.0
2024-03-30T00:38:20,codecarbon,ac187fbd-c6ab-41bf-8ec8-a778f02d843b,241.3170278072357,0.0020757705879413,8.601840519929964e-06,42.5,22.04231572142501,23.945546150207523,0.0028486397057771,0.001171210103634,0.0016034968964752,0.0056233467058864,United States,USA,virginia,,,Windows-10-10.0.22621-SP0,3.10.8,2.3.4,16,11th Gen Intel(R) Core(TM) i7-11800H @ 2.30GHz,1,1 x NVIDIA GeForce RTX 3080 Laptop GPU,-77.0757,38.8924,63.85478973388672,machine,N,1.0
2024-03-30T14:00:28,codecarbon,918cb8e8-6994-4416-aaa5-310dbd371a46,0.1265404224395752,1.939808385562085e-06,1.5329555158458316e-05,42.5,86.44968911133057,23.945546150207523,1.4821484684944157e-06,2.990835726003616e-06,7.820353911777527e-07,5.255019585675784e-06,United States,USA,virginia,,,Windows-10-10.0.22621-SP0,3.10.8,2.3.4,16,11th Gen Intel(R) Core(TM) i7-11800H @ 2.30GHz,1,1 x NVIDIA GeForce RTX 3080 Laptop GPU,-77.0757,38.8924,63.85478973388672,machine,N,1.0
2024-03-30T14:00:30,codecarbon,f7c2ada9-c8d6-45e4-9a55-7396e2ae85eb,0.1244013309478759,1.528365417881037e-06,1.2285764197502198e-05,42.5,57.85022430805138,23.945546150207523,1.457497643099891e-06,1.935001547992421e-06,7.479047090110196e-07,4.140403900103332e-06,United States,USA,virginia,,,Windows-10-10.0.22621-SP0,3.10.8,2.3.4,16,11th Gen Intel(R) Core(TM) i7-11800H @ 2.30GHz,1,1 x NVIDIA GeForce RTX 3080 Laptop GPU,-77.0757,38.8924,63.85478973388672,machine,N,1.0
2024-03-30T14:00:32,codecarbon,c4866364-d0f8-4db3-a4fe-e3da404708cd,0.1485586166381836,2.660576909009704e-06,1.790927358653031e-05,42.5,112.69516736332018,23.945546150207523,1.7420573367012874e-06,4.556948089998181e-06,9.086053198596272e-07,7.207610746559095e-06,United States,USA,virginia,,,Windows-10-10.0.22621-SP0,3.10.8,2.3.4,16,11th Gen Intel(R) Core(TM) i7-11800H @ 2.30GHz,1,1 x NVIDIA GeForce RTX 3080 Laptop GPU,-77.0757,38.8924,63.85478973388672,machine,N,1.0
2024-03-30T14:00:34,codecarbon,c3fcd84d-4d36-4deb-bba0-b2e53b67436e,0.121586799621582,1.8813600777536944e-06,1.5473390891191342e-05,42.5,89.1591332615947,23.945546150207523,1.423637237813738e-06,2.93722457200829e-06,7.358189396218982e-07,5.096680749443927e-06,United States,USA,virginia,,,Windows-10-10.0.22621-SP0,3.10.8,2.3.4,16,11th Gen Intel(R) Core(TM) i7-11800H @ 2.30GHz,1,1 x NVIDIA GeForce RTX 3080 Laptop GPU,-77.0757,38.8924,63.85478973388672,machine,N,1.0
2024-03-30T14:00:39,codecarbon,df3790dc-8c6b-4c54-b690-0dc2041dc56b,2.611931562423706,2.285914259086344e-05,8.751815292454143e-06,42.5,19.061792823472828,23.945546150207523,3.081172472900815e-05,1.381417771800092e-05,1.7300441887220097e-05,6.192634433422917e-05,United States,USA,virginia,,,Windows-10-10.0.22621-SP0,3.10.8,2.3.4,16,11th Gen Intel(R) Core(TM) i7-11800H @ 2.30GHz,1,1 x NVIDIA GeForce RTX 3080 Laptop GPU,-77.0757,38.8924,63.85478973388672,machine,N,1.0
2024-03-30T14:03:56,codecarbon,a36c59da-6c5b-4da6-806a-be44a942aa1d,195.53205943107605,0.0016782305221985,8.582891864799781e-06,42.5,17.456128657623776,23.945546150207523,0.0023082006447845,0.000938710750968,0.0012994831497462,0.0045463945454987,United States,USA,virginia,,,Windows-10-10.0.22621-SP0,3.10.8,2.3.4,16,11th Gen Intel(R) Core(TM) i7-11800H @ 2.30GHz,1,1 x NVIDIA GeForce RTX 3080 Laptop GPU,-77.0757,38.8924,63.85478973388672,machine,N,1.0
2024-03-30T14:04:15,codecarbon,10a3daba-d768-4428-98d9-b4c758abc4a3,17.52323818206787,0.0001515908454042,8.650846597486491e-06,42.5,22.15197432441601,23.945546150207523,0.000206848050985,8.740701437000287e-05,0.0001164106826321,0.0004106657479871,United States,USA,virginia,,,Windows-10-10.0.22621-SP0,3.10.8,2.3.4,16,11th Gen Intel(R) Core(TM) i7-11800H @ 2.30GHz,1,1 x NVIDIA GeForce RTX 3080 Laptop GPU,-77.0757,38.8924,63.85478973388672,machine,N,1.0
2024-03-30T14:06:09,codecarbon,66835b0d-89f0-4c59-b669-35bb97675e16,111.94433069229126,0.0009678967397843,8.646232764077339e-06,42.5,15.96284705007736,23.945546150207523,0.0013214592710137,0.00055670600092,0.0007439062493237,0.0026220715212574,United States,USA,virginia,,,Windows-10-10.0.22621-SP0,3.10.8,2.3.4,16,11th Gen Intel(R) Core(TM) i7-11800H @ 2.30GHz,1,1 x NVIDIA GeForce RTX 3080 Laptop GPU,-77.0757,38.8924,63.85478973388672,machine,N,1.0
2024-03-30T14:07:57,codecarbon,8e229c78-363e-4975-ba11-6953d0330836,105.57960271835329,0.0009196036090722,8.710049909217673e-06,42.5,26.382355845807727,23.945546150207523,0.0012463028111391,0.000543498768132,0.0007014418923526,0.0024912434716238,United States,USA,virginia,,,Windows-10-10.0.22621-SP0,3.10.8,2.3.4,16,11th Gen Intel(R) Core(TM) i7-11800H @ 2.30GHz,1,1 x NVIDIA GeForce RTX 3080 Laptop GPU,-77.0757,38.8924,63.85478973388672,machine,N,1.0
2024-03-30T14:09:11,codecarbon,f2a72d6c-e50c-4314-8d1c-5b245149739c,34.39382481575012,0.0002972234934119,8.641769125830743e-06,42.5,18.28034018438138,23.945546150207523,0.0004060029503371,0.000170640969846,0.0002285465774083,0.0008051904975915,United States,USA,virginia,,,Windows-10-10.0.22621-SP0,3.10.8,2.3.4,16,11th Gen Intel(R) Core(TM) i7-11800H @ 2.30GHz,1,1 x NVIDIA GeForce RTX 3080 Laptop GPU,-77.0757,38.8924,63.85478973388672,machine,N,1.0
2024-03-30T14:18:18,codecarbon,8c12e6ae-045d-42a6-9e8d-bbb88be89b88,281.8955774307251,0.0024176340571984,8.576346174826257e-06,42.5,17.77599886212279,23.945546150207523,0.0033276981665028,0.001348488301012,0.0018732822409077,0.0065494687084225,United States,USA,virginia,,,Windows-10-10.0.22621-SP0,3.10.8,2.3.4,16,11th Gen Intel(R) Core(TM) i7-11800H @ 2.30GHz,1,1 x NVIDIA GeForce RTX 3080 Laptop GPU,-77.0757,38.8924,63.85478973388672,machine,N,1.0
2024-04-01T23:40:57,codecarbon,ca158ece-c8ee-4120-814f-6bb4e3dd84b4,0.1347022056579589,1.5941328398155328e-06,1.1834496933653902e-05,42.5,52.75996787600953,23.945546150207523,1.57848596572876e-06,1.930279322048812e-06,8.098052255528881e-07,4.3185705133304594e-06,United States,USA,virginia,,,Windows-10-10.0.22621-SP0,3.10.8,2.3.4,16,11th Gen Intel(R) Core(TM) i7-11800H @ 2.30GHz,1,1 x NVIDIA GeForce RTX 3080 Laptop GPU,-77.0757,38.8924,63.85478973388672,machine,N,1.0
2024-04-01T23:40:59,codecarbon,18316554-235e-45db-84fb-fce85ef7a881,0.1166160106658935,2.201521492661931e-06,1.8878381108142343e-05,42.5,129.24392356680988,23.945546150207523,1.364931795332167e-06,3.936114260083556e-06,6.629649512035485e-07,5.964011006619272e-06,United States,USA,virginia,,,Windows-10-10.0.22621-SP0,3.10.8,2.3.4,16,11th Gen Intel(R) Core(TM) i7-11800H @ 2.30GHz,1,1 x NVIDIA GeForce RTX 3080 Laptop GPU,-77.0757,38.8924,63.85478973388672,machine,N,1.0
2024-04-01T23:41:01,codecarbon,33159584-6194-420a-9b46-d7253fd922c0,0.1504909992218017,2.551790923642864e-06,1.6956435513341876e-05,42.5,108.40039603149556,23.945546150207523,1.753099262714386e-06,4.291392321942311e-06,8.684135157134658e-07,6.912905100370163e-06,United States,USA,virginia,,,Windows-10-10.0.22621-SP0,3.10.8,2.3.4,16,11th Gen Intel(R) Core(TM) i7-11800H @ 2.30GHz,1,1 x NVIDIA GeForce RTX 3080 Laptop GPU,-77.0757,38.8924,63.85478973388672,machine,N,1.0
2024-04-01T23:41:03,codecarbon,7210010c-2710-4e12-825e-60f57fa7d360,0.1220159530639648,2.289311486636428e-06,1.876239482747222e-05,42.5,124.02059406334614,23.945546150207523,1.4169411526785955e-06,4.066114364098539e-06,7.187821438539762e-07,6.20183766063111e-06,United States,USA,virginia,,,Windows-10-10.0.22621-SP0,3.10.8,2.3.4,16,11th Gen Intel(R) Core(TM) i7-11800H @ 2.30GHz,1,1 x NVIDIA GeForce RTX 3080 Laptop GPU,-77.0757,38.8924,63.85478973388672,machine,N,1.0
2024-04-01T23:41:07,codecarbon,9e836472-b44f-4730-ba8e-10c75b60adc1,2.586545467376709,2.241488665488405e-05,8.665955011267356e-06,42.5,18.22499916197868,23.945546150207523,3.052373677492142e-05,1.3074177125926845e-05,1.712492308595396e-05,6.072283698680223e-05,United States,USA,virginia,,,Windows-10-10.0.22621-SP0,3.10.8,2.3.4,16,11th Gen Intel(R) Core(TM) i7-11800H @ 2.30GHz,1,1 x NVIDIA GeForce RTX 3080 Laptop GPU,-77.0757,38.8924,63.85478973388672,machine,N,1.0
2024-04-01T23:44:35,codecarbon,1c0898be-199b-450b-acb3-50a87cb78889,206.105325460434,0.0017832827181791,8.652288407373026e-06,42.5,18.74440082926555,23.945546150207523,0.0024330468975835,0.0010283274893281,0.0013696108179044,0.004830985204816,United States,USA,virginia,,,Windows-10-10.0.22621-SP0,3.10.8,2.3.4,16,11th Gen Intel(R) Core(TM) i7-11800H @ 2.30GHz,1,1 x NVIDIA GeForce RTX 3080 Laptop GPU,-77.0757,38.8924,63.85478973388672,machine,N,1.0
2024-04-01T23:44:55,codecarbon,bc420dc3-6d2b-4f38-a019-5c73e7b7325f,17.538530826568604,0.0001507702977117,8.596518100784087e-06,42.5,16.898004646133273,23.945546150207523,0.0002070286144812,8.490840125996435e-05,0.0001165058352694,0.0004084428510107,United States,USA,virginia,,,Windows-10-10.0.22621-SP0,3.10.8,2.3.4,16,11th Gen Intel(R) Core(TM) i7-11800H @ 2.30GHz,1,1 x NVIDIA GeForce RTX 3080 Laptop GPU,-77.0757,38.8924,63.85478973388672,machine,N,1.0
2024-04-01T23:46:52,codecarbon,84027d63-94e7-4244-8780-761339de0bd1,115.4089982509613,0.0010059768560444,8.716624104620383e-06,42.5,17.379092424730526,23.945546150207523,0.0013623618524935,0.00059597825456,0.0007668919934964,0.00272523210055,United States,USA,virginia,,,Windows-10-10.0.22621-SP0,3.10.8,2.3.4,16,11th Gen Intel(R) Core(TM) i7-11800H @ 2.30GHz,1,1 x NVIDIA GeForce RTX 3080 Laptop GPU,-77.0757,38.8924,63.85478973388672,machine,N,1.0
2024-04-01T23:48:45,codecarbon,f9c9d8cb-e0e9-4ba1-9e1b-81b32803d9d4,110.4246256351471,0.000947477829577,8.58031280728672e-06,42.5,18.5545437569616,23.945546150207523,0.0013034658432006,0.0005296609792839,0.0007336290429295,0.0025667558654142,United States,USA,virginia,,,Windows-10-10.0.22621-SP0,3.10.8,2.3.4,16,11th Gen Intel(R) Core(TM) i7-11800H @ 2.30GHz,1,1 x NVIDIA GeForce RTX 3080 Laptop GPU,-77.0757,38.8924,63.85478973388672,machine,N,1.0
2024-04-01T23:49:27,codecarbon,fa3e416b-ff73-43e4-8bcc-23cd0d97fbb5,39.83001017570496,0.0003486093597593,8.752429593202527e-06,42.5,17.23810210581929,23.945546150207523,0.0004701684211691,0.00020962238992,0.0002646060823981,0.0009443968934873,United States,USA,virginia,,,Windows-10-10.0.22621-SP0,3.10.8,2.3.4,16,11th Gen Intel(R) Core(TM) i7-11800H @ 2.30GHz,1,1 x NVIDIA GeForce RTX 3080 Laptop GPU,-77.0757,38.8924,63.85478973388672,machine,N,1.0
2024-04-01T23:54:17,codecarbon,69176e9e-d766-477e-b9c3-cec281f2a2b8,288.08818769454956,0.002485091101608327,8.626147158255538e-06,42.5,19.035006551579087,23.945546150207523,0.0034007651916808557,0.0014172330782299403,0.0019142143075476196,0.006732212577458414,United States,USA,virginia,,,Windows-10-10.0.22621-SP0,3.10.8,2.3.4,16,11th Gen Intel(R) Core(TM) i7-11800H @ 2.30GHz,1,1 x NVIDIA GeForce RTX 3080 Laptop GPU,-77.0757,38.8924,63.85478973388672,machine,N,1.0
